insert into "User" (id, email, name, password, address) values (1, 'khang@gmail.com', 'Hoang Van Khang', '$2a$10$BPEZjoxXoWqnBuc9S1B0beQuFfOGfVQESazUKRAJerACds9FWuVz6', 'Hai Ba Trung, Ha Noi'); ---khang123
insert into "User" (id, email, name, password, address) values (2, 'duy@gmail.com', 'Nguyen Dang Duy', '$2a$10$Wz4Ab3uSyK3sRnrCztqveO/wZViVqzde5MjUvbdpM7O3IFlDSXGzm', 'Dong Da, Ha Noi'); ---duy123
insert into "User" (id, email, name, password, address) values (3, 'viet@gmail.com', 'Bui Duc Viet', '$2a$10$BLwhTKIJLOBLfxrMFXuMdu39irghq28XlTI/ZAOqvvomW7VTuQNaa', 'Cau Giay, Ha Noi'); ---viet123
insert into "User" (id, email, name, password, address) values (4, 'duc@gmail.com', 'Hoang Duy Duc', '$2a$10$/weWERpHwis4ldHrXb618.TyleBAfe3tFPgxK56gcGi3iS2hBVIsO', '5728 Starling Place'); ---duc123
insert into "User" (id, email, name, password, role) values (5, 'admin@gmail.com', 'admin', '$2a$10$Mi/53.FdSBUQ.8C47asy..S6yoDei8lBJo2P4vkMjuWBq6PuZNhUy', 'ADMIN'); ---admin123




insert into "Garden" (id, name, "userId") values (1, 'Trang Garden', 3);
insert into "Garden" (id, name, "userId") values (2, 'Sunday Garden', 3);
insert into "Garden" (id, name, "userId") values (3, 'HH Garden', 1);
insert into "Garden" (id, name, "userId") values (4, 'Toronto Missing', 2);
insert into "Garden" (id, name, "userId") values (5, 'Joka', 1);
insert into "Garden" (id, name, "userId") values (6, 'Clean Garden', 1);
insert into "Garden" (id, name, "userId") values (7, 'My Dear Garden', 3);
insert into "Garden" (id, name, "userId") values (8, 'Heathy Garden', 3);
insert into "Garden" (id, name, "userId") values (9, 'Rita', 1);
insert into "Garden" (id, name, "userId") values (10, 'Present Garden', 4);
insert into "Garden" (id, name, "userId") values (11, 'Green Garden', 3);
insert into "Garden" (id, name, "userId") values (12, 'Sopo Garden', 4);


insert into "Vegetable" (id, name, "inQuantity", "saleQuantity", price, "gardenId") values (1, 'Tehachapi Linanthus', 82, 14, 32.39, 9);
insert into "Vegetable" (id, name, "inQuantity", "saleQuantity", price, "gardenId") values (2, 'Pitchersage', 93, 23, 43.65, 8);
insert into "Vegetable" (id, name, "inQuantity", "saleQuantity", price, "gardenId") values (3, 'Bitter Rubberweed', 83, 65, 66.92, 6);
insert into "Vegetable" (id, name, "inQuantity", "saleQuantity", price, "gardenId") values (4, 'Hollyleaf Clover', 96, 32, 96.93, 9);
insert into "Vegetable" (id, name, "inQuantity", "saleQuantity", price, "gardenId") values (5, 'Broom Crowberry', 99, 55, 48.88, 11);
insert into "Vegetable" (id, name, "inQuantity", "saleQuantity", price, "gardenId") values (6, 'Areca Palm', 85, 11, 48.89, 7);
insert into "Vegetable" (id, name, "inQuantity", "saleQuantity", price, "gardenId") values (7, 'Hapeman''s Coolwort', 100, 50, 23.24, 6);
insert into "Vegetable" (id, name, "inQuantity", "saleQuantity", price, "gardenId") values (8, 'Beach Seepweed', 87, 6, 37.64, 12);
insert into "Vegetable" (id, name, "inQuantity", "saleQuantity", price, "gardenId") values (9, 'Rockdaisy', 98, 38, 50.12, 5);
insert into "Vegetable" (id, name, "inQuantity", "saleQuantity", price, "gardenId") values (10, 'Goldenstar', 89, 44, 82.73, 8);
insert into "Vegetable" (id, name, "inQuantity", "saleQuantity", price, "gardenId") values (11, 'Acute Spikerush', 81, 68, 93.54, 9);
insert into "Vegetable" (id, name, "inQuantity", "saleQuantity", price, "gardenId") values (12, 'Rose Mock Vervain', 93, 27, 69.08, 10);
insert into "Vegetable" (id, name, "inQuantity", "saleQuantity", price, "gardenId") values (13, 'Balbis'' Milkvine', 80, 8, 39.4, 9);
insert into "Vegetable" (id, name, "inQuantity", "saleQuantity", price, "gardenId") values (14, 'Yellow Rabbitbrush', 82, 51, 73.26, 6);
insert into "Vegetable" (id, name, "inQuantity", "saleQuantity", price, "gardenId") values (15, 'Parry''s Milkvetch', 80, 68, 78.3, 1);
insert into "Vegetable" (id, name, "inQuantity", "saleQuantity", price, "gardenId") values (16, 'Hyssopleaf Hedgenettle', 87, 67, 46.74, 1);
insert into "Vegetable" (id, name, "inQuantity", "saleQuantity", price, "gardenId") values (17, 'Cafe Falso', 97, 18, 82.92, 9);
insert into "Vegetable" (id, name, "inQuantity", "saleQuantity", price, "gardenId") values (18, 'Whited''s Milkvetch', 95, 13, 13.35, 1);
insert into "Vegetable" (id, name, "inQuantity", "saleQuantity", price, "gardenId") values (19, 'Glory Of Texas', 84, 59, 33.77, 11);
insert into "Vegetable" (id, name, "inQuantity", "saleQuantity", price, "gardenId") values (20, 'Dicranodontium Moss', 81, 64, 81.69, 12);
insert into "Vegetable" (id, name, "inQuantity", "saleQuantity", price, "gardenId") values (21, 'Woodfern', 90, 7, 29.02, 5);
insert into "Vegetable" (id, name, "inQuantity", "saleQuantity", price, "gardenId") values (22, 'Rosewood', 88, 15, 96.6, 10);
insert into "Vegetable" (id, name, "inQuantity", "saleQuantity", price, "gardenId") values (23, 'Phaeographina Lichen', 90, 49, 18.96, 3);
insert into "Vegetable" (id, name, "inQuantity", "saleQuantity", price, "gardenId") values (24, 'Sierra Pea', 81, 32, 21.56, 1);
insert into "Vegetable" (id, name, "inQuantity", "saleQuantity", price, "gardenId") values (25, 'Twoflower Cinquefoil', 93, 35, 23.79, 5);
insert into "Vegetable" (id, name, "inQuantity", "saleQuantity", price, "gardenId") values (26, 'Lanceleaf Wakerobin', 96, 41, 21.17, 1);
insert into "Vegetable" (id, name, "inQuantity", "saleQuantity", price, "gardenId") values (27, 'Swartz''s Jamaican Broom', 91, 67, 17.58, 2);
insert into "Vegetable" (id, name, "inQuantity", "saleQuantity", price, "gardenId") values (28, 'Cardinal Climber', 96, 18, 55.63, 2);
insert into "Vegetable" (id, name, "inQuantity", "saleQuantity", price, "gardenId") values (29, 'Island Bush Monkeyflower', 90, 11, 21.2, 12);
insert into "Vegetable" (id, name, "inQuantity", "saleQuantity", price, "gardenId") values (30, 'Egger''s Morning-glory', 99, 10, 6.12, 2);
insert into "Vegetable" (id, name, "inQuantity", "saleQuantity", price, "gardenId") values (31, 'Obscure Map Lichen', 99, 66, 30.17, 2);
insert into "Vegetable" (id, name, "inQuantity", "saleQuantity", price, "gardenId") values (32, 'Whitehair Leather Flower', 99, 47, 8.16, 7);
insert into "Vegetable" (id, name, "inQuantity", "saleQuantity", price, "gardenId") values (33, 'Pringle''s Phacelia', 81, 18, 29.97, 12);
insert into "Vegetable" (id, name, "inQuantity", "saleQuantity", price, "gardenId") values (34, 'Hybrid Oak', 86, 30, 1.24, 2);
insert into "Vegetable" (id, name, "inQuantity", "saleQuantity", price, "gardenId") values (35, 'Cutleaf Monkeyflower', 86, 51, 45.36, 8);
insert into "Vegetable" (id, name, "inQuantity", "saleQuantity", price, "gardenId") values (36, 'Hickman''s Popcornflower', 86, 55, 86.62, 3);
insert into "Vegetable" (id, name, "inQuantity", "saleQuantity", price, "gardenId") values (37, 'Nuttall''s Toothwort', 81, 68, 41.15, 10);
insert into "Vegetable" (id, name, "inQuantity", "saleQuantity", price, "gardenId") values (38, 'Spiny Amaranth', 97, 29, 69.76, 2);
insert into "Vegetable" (id, name, "inQuantity", "saleQuantity", price, "gardenId") values (39, 'Orchis', 85, 70, 13.88, 11);
insert into "Vegetable" (id, name, "inQuantity", "saleQuantity", price, "gardenId") values (40, 'Mangrovevine', 99, 35, 67.37, 6);
insert into "Vegetable" (id, name, "inQuantity", "saleQuantity", price, "gardenId") values (41, 'Kaibab Suncup', 94, 51, 83.21, 10);
insert into "Vegetable" (id, name, "inQuantity", "saleQuantity", price, "gardenId") values (42, 'Manyawn Pricklyleaf', 97, 25, 74.78, 7);
insert into "Vegetable" (id, name, "inQuantity", "saleQuantity", price, "gardenId") values (43, 'Ailanthus', 99, 36, 77.91, 6);
insert into "Vegetable" (id, name, "inQuantity", "saleQuantity", price, "gardenId") values (44, 'Alfalfa Dodder', 91, 64, 81.7, 8);
insert into "Vegetable" (id, name, "inQuantity", "saleQuantity", price, "gardenId") values (45, 'Jaffueliobryum Moss', 80, 15, 91.14, 4);
insert into "Vegetable" (id, name, "inQuantity", "saleQuantity", price, "gardenId") values (46, 'Hybrid Oak', 97, 9, 54.36, 5);
insert into "Vegetable" (id, name, "inQuantity", "saleQuantity", price, "gardenId") values (47, 'Scouler''s Fumewort', 89, 12, 57.07, 1);
insert into "Vegetable" (id, name, "inQuantity", "saleQuantity", price, "gardenId") values (48, 'Pitted Stripeseed', 80, 62, 70.38, 8);
insert into "Vegetable" (id, name, "inQuantity", "saleQuantity", price, "gardenId") values (49, 'Oriental Asperula', 93, 11, 90.7, 1);
insert into "Vegetable" (id, name, "inQuantity", "saleQuantity", price, "gardenId") values (50, 'Acuminate Brachythecium Moss', 96, 58, 6.66, 3);
insert into "Vegetable" (id, name, "inQuantity", "saleQuantity", price, "gardenId") values (51, 'Spinystar', 81, 70, 60.43, 2);
insert into "Vegetable" (id, name, "inQuantity", "saleQuantity", price, "gardenId") values (52, 'Walter''s Sedge', 85, 43, 7.0, 12);
insert into "Vegetable" (id, name, "inQuantity", "saleQuantity", price, "gardenId") values (53, 'Divergent Buckwheat', 86, 62, 26.57, 11);
insert into "Vegetable" (id, name, "inQuantity", "saleQuantity", price, "gardenId") values (54, 'Singlenerve Peperomia', 83, 57, 2.45, 6);
insert into "Vegetable" (id, name, "inQuantity", "saleQuantity", price, "gardenId") values (55, 'Redberry Buckthorn', 81, 5, 38.21, 1);
insert into "Vegetable" (id, name, "inQuantity", "saleQuantity", price, "gardenId") values (56, 'Hoary Skullcap', 82, 28, 3.46, 11);
insert into "Vegetable" (id, name, "inQuantity", "saleQuantity", price, "gardenId") values (57, 'Shortawn Foxtail', 87, 10, 57.69, 9);
insert into "Vegetable" (id, name, "inQuantity", "saleQuantity", price, "gardenId") values (58, 'Angel''s-wings', 92, 64, 26.54, 9);
insert into "Vegetable" (id, name, "inQuantity", "saleQuantity", price, "gardenId") values (59, 'John Crownose', 87, 68, 23.76, 9);
insert into "Vegetable" (id, name, "inQuantity", "saleQuantity", price, "gardenId") values (60, 'Bog Bulrush', 86, 36, 12.67, 12);




CREATE OR REPLACE FUNCTION public.set_gardenid_before_insert()
  RETURNS trigger
AS $BODY$
BEGIN
  -- Automatically set gardenId based on vegetableId
  NEW."gardenId" := (SELECT "gardenId" FROM "Vegetable" WHERE id = NEW."vegetableId" LIMIT 1);
  RETURN NEW;
END;
$BODY$
  LANGUAGE plpgsql;


CREATE OR REPLACE TRIGGER trigger_set_gardenid_before_insert
  BEFORE INSERT
  ON public."Sale"
  FOR EACH ROW
  EXECUTE PROCEDURE public.set_gardenid_before_insert();


insert into "Sale" (id, quantity, "totalPrice", time, "vegetableId") values (1, 2, 160.84, '2024-08-26', 34);
insert into "Sale" (id, quantity, "totalPrice", time, "vegetableId") values (2, 18, 559.21, '2024-12-20', 52);
insert into "Sale" (id, quantity, "totalPrice", time, "vegetableId") values (3, 20, 218.81, '2025-02-11', 33);
insert into "Sale" (id, quantity, "totalPrice", time, "vegetableId") values (4, 15, 396.35, '2024-08-09', 19);
insert into "Sale" (id, quantity, "totalPrice", time, "vegetableId") values (5, 14, 910.17, '2024-09-16', 24);
insert into "Sale" (id, quantity, "totalPrice", time, "vegetableId") values (6, 5, 512.29, '2024-09-04', 50);
insert into "Sale" (id, quantity, "totalPrice", time, "vegetableId") values (7, 12, 178.03, '2024-09-27', 20);
insert into "Sale" (id, quantity, "totalPrice", time, "vegetableId") values (8, 19, 379.01, '2024-10-16', 59);
insert into "Sale" (id, quantity, "totalPrice", time, "vegetableId") values (9, 29, 667.57, '2024-10-24', 22);
insert into "Sale" (id, quantity, "totalPrice", time, "vegetableId") values (10, 6, 431.38, '2024-11-13', 42);
insert into "Sale" (id, quantity, "totalPrice", time, "vegetableId") values (11, 20, 831.67, '2024-11-07', 39);
insert into "Sale" (id, quantity, "totalPrice", time, "vegetableId") values (12, 22, 978.22, '2025-01-03', 14);
insert into "Sale" (id, quantity, "totalPrice", time, "vegetableId") values (13, 30, 161.23, '2025-02-20', 7);
insert into "Sale" (id, quantity, "totalPrice", time, "vegetableId") values (14, 16, 479.32, '2025-01-27', 29);
insert into "Sale" (id, quantity, "totalPrice", time, "vegetableId") values (15, 14, 544.32, '2025-01-09', 53);
insert into "Sale" (id, quantity, "totalPrice", time, "vegetableId") values (16, 46, 876.99, '2024-12-31', 24);
insert into "Sale" (id, quantity, "totalPrice", time, "vegetableId") values (17, 3, 381.38, '2025-04-05', 51);
insert into "Sale" (id, quantity, "totalPrice", time, "vegetableId") values (18, 17, 211.94, '2024-11-07', 6);
insert into "Sale" (id, quantity, "totalPrice", time, "vegetableId") values (19, 13, 170.76, '2024-08-30', 45);
insert into "Sale" (id, quantity, "totalPrice", time, "vegetableId") values (20, 38, 809.5, '2025-02-13', 47);
insert into "Sale" (id, quantity, "totalPrice", time, "vegetableId") values (21, 42, 569.77, '2025-02-07', 21);
insert into "Sale" (id, quantity, "totalPrice", time, "vegetableId") values (22, 31, 926.4, '2025-02-22', 23);
insert into "Sale" (id, quantity, "totalPrice", time, "vegetableId") values (23, 31, 310.0, '2025-02-21', 24);
insert into "Sale" (id, quantity, "totalPrice", time, "vegetableId") values (24, 40, 118.9, '2024-12-23', 60);
insert into "Sale" (id, quantity, "totalPrice", time, "vegetableId") values (25, 43, 430.35, '2025-02-10', 21);
insert into "Sale" (id, quantity, "totalPrice", time, "vegetableId") values (26, 25, 711.41, '2024-08-06', 33);
insert into "Sale" (id, quantity, "totalPrice", time, "vegetableId") values (27, 27, 902.82, '2024-08-08', 4);
insert into "Sale" (id, quantity, "totalPrice", time, "vegetableId") values (28, 43, 194.45, '2025-03-07', 47);
insert into "Sale" (id, quantity, "totalPrice", time, "vegetableId") values (29, 25, 837.74, '2025-04-07', 45);
insert into "Sale" (id, quantity, "totalPrice", time, "vegetableId") values (30, 49, 357.63, '2024-08-21', 18);
insert into "Sale" (id, quantity, "totalPrice", time, "vegetableId") values (31, 17, 496.24, '2024-09-20', 16);
insert into "Sale" (id, quantity, "totalPrice", time, "vegetableId") values (32, 28, 733.54, '2024-08-07', 50);
insert into "Sale" (id, quantity, "totalPrice", time, "vegetableId") values (33, 29, 952.92, '2025-03-27', 17);
insert into "Sale" (id, quantity, "totalPrice", time, "vegetableId") values (34, 48, 248.86, '2025-03-11', 2);
insert into "Sale" (id, quantity, "totalPrice", time, "vegetableId") values (35, 16, 915.45, '2025-04-06', 43);
insert into "Sale" (id, quantity, "totalPrice", time, "vegetableId") values (36, 21, 367.63, '2024-06-23', 11);
insert into "Sale" (id, quantity, "totalPrice", time, "vegetableId") values (37, 16, 263.81, '2025-04-14', 34);
insert into "Sale" (id, quantity, "totalPrice", time, "vegetableId") values (38, 38, 146.72, '2024-06-23', 22);
insert into "Sale" (id, quantity, "totalPrice", time, "vegetableId") values (39, 20, 738.16, '2024-10-26', 20);
insert into "Sale" (id, quantity, "totalPrice", time, "vegetableId") values (40, 1, 539.73, '2024-09-11', 36);
insert into "Sale" (id, quantity, "totalPrice", time, "vegetableId") values (41, 47, 409.65, '2025-03-17', 51);
insert into "Sale" (id, quantity, "totalPrice", time, "vegetableId") values (42, 31, 602.68, '2024-08-15', 20);
insert into "Sale" (id, quantity, "totalPrice", time, "vegetableId") values (43, 11, 540.66, '2024-09-22', 29);
insert into "Sale" (id, quantity, "totalPrice", time, "vegetableId") values (44, 41, 550.82, '2025-02-20', 53);
insert into "Sale" (id, quantity, "totalPrice", time, "vegetableId") values (45, 48, 200.8, '2024-12-16', 59);
insert into "Sale" (id, quantity, "totalPrice", time, "vegetableId") values (46, 10, 600.78, '2024-09-01', 38);
insert into "Sale" (id, quantity, "totalPrice", time, "vegetableId") values (47, 50, 623.17, '2025-03-16', 4);
insert into "Sale" (id, quantity, "totalPrice", time, "vegetableId") values (48, 14, 342.17, '2025-03-27', 27);
insert into "Sale" (id, quantity, "totalPrice", time, "vegetableId") values (49, 50, 662.16, '2024-07-27', 16);
insert into "Sale" (id, quantity, "totalPrice", time, "vegetableId") values (50, 15, 961.59, '2024-09-28', 10);
insert into "Sale" (id, quantity, "totalPrice", time, "vegetableId") values (51, 28, 626.55, '2024-11-08', 48);
insert into "Sale" (id, quantity, "totalPrice", time, "vegetableId") values (52, 11, 850.5, '2024-09-01', 36);
insert into "Sale" (id, quantity, "totalPrice", time, "vegetableId") values (53, 47, 151.3, '2024-11-14', 60);
insert into "Sale" (id, quantity, "totalPrice", time, "vegetableId") values (54, 34, 679.65, '2024-12-11', 30);
insert into "Sale" (id, quantity, "totalPrice", time, "vegetableId") values (55, 10, 130.53, '2025-02-22', 13);
insert into "Sale" (id, quantity, "totalPrice", time, "vegetableId") values (56, 5, 734.26, '2024-11-08', 16);
insert into "Sale" (id, quantity, "totalPrice", time, "vegetableId") values (57, 46, 338.51, '2024-07-15', 43);
insert into "Sale" (id, quantity, "totalPrice", time, "vegetableId") values (58, 49, 941.06, '2024-07-11', 49);
insert into "Sale" (id, quantity, "totalPrice", time, "vegetableId") values (59, 2, 744.81, '2024-07-29', 1);
insert into "Sale" (id, quantity, "totalPrice", time, "vegetableId") values (60, 50, 560.25, '2024-10-16', 29);
insert into "Sale" (id, quantity, "totalPrice", time, "vegetableId") values (61, 21, 746.11, '2025-02-01', 28);
insert into "Sale" (id, quantity, "totalPrice", time, "vegetableId") values (62, 12, 951.47, '2025-02-02', 9);
insert into "Sale" (id, quantity, "totalPrice", time, "vegetableId") values (63, 36, 474.56, '2024-08-28', 52);
insert into "Sale" (id, quantity, "totalPrice", time, "vegetableId") values (64, 34, 422.54, '2025-02-04', 12);
insert into "Sale" (id, quantity, "totalPrice", time, "vegetableId") values (65, 23, 119.35, '2024-12-07', 24);
insert into "Sale" (id, quantity, "totalPrice", time, "vegetableId") values (66, 29, 496.82, '2024-09-19', 60);
insert into "Sale" (id, quantity, "totalPrice", time, "vegetableId") values (67, 6, 259.67, '2024-08-17', 46);
insert into "Sale" (id, quantity, "totalPrice", time, "vegetableId") values (68, 22, 503.22, '2025-03-22', 25);
insert into "Sale" (id, quantity, "totalPrice", time, "vegetableId") values (69, 21, 238.98, '2024-08-01', 48);
insert into "Sale" (id, quantity, "totalPrice", time, "vegetableId") values (70, 8, 338.78, '2025-02-17', 18);
insert into "Sale" (id, quantity, "totalPrice", time, "vegetableId") values (71, 15, 692.45, '2025-02-17', 14);
insert into "Sale" (id, quantity, "totalPrice", time, "vegetableId") values (72, 16, 980.21, '2024-12-15', 31);
insert into "Sale" (id, quantity, "totalPrice", time, "vegetableId") values (73, 8, 236.3, '2024-11-01', 34);
insert into "Sale" (id, quantity, "totalPrice", time, "vegetableId") values (74, 42, 871.33, '2024-08-28', 49);
insert into "Sale" (id, quantity, "totalPrice", time, "vegetableId") values (75, 38, 937.04, '2024-10-13', 55);
insert into "Sale" (id, quantity, "totalPrice", time, "vegetableId") values (76, 4, 863.65, '2025-03-04', 21);
insert into "Sale" (id, quantity, "totalPrice", time, "vegetableId") values (77, 26, 879.63, '2024-11-22', 31);
insert into "Sale" (id, quantity, "totalPrice", time, "vegetableId") values (78, 15, 735.81, '2025-01-12', 47);
insert into "Sale" (id, quantity, "totalPrice", time, "vegetableId") values (79, 29, 713.33, '2024-10-20', 60);
insert into "Sale" (id, quantity, "totalPrice", time, "vegetableId") values (80, 46, 803.97, '2025-01-15', 6);
insert into "Sale" (id, quantity, "totalPrice", time, "vegetableId") values (81, 14, 250.75, '2025-02-10', 15);
insert into "Sale" (id, quantity, "totalPrice", time, "vegetableId") values (82, 16, 663.87, '2024-06-29', 10);
insert into "Sale" (id, quantity, "totalPrice", time, "vegetableId") values (83, 23, 781.01, '2024-09-01', 7);
insert into "Sale" (id, quantity, "totalPrice", time, "vegetableId") values (84, 12, 471.97, '2025-01-15', 21);
insert into "Sale" (id, quantity, "totalPrice", time, "vegetableId") values (85, 14, 347.2, '2024-07-04', 15);
insert into "Sale" (id, quantity, "totalPrice", time, "vegetableId") values (86, 17, 861.27, '2024-10-02', 39);
insert into "Sale" (id, quantity, "totalPrice", time, "vegetableId") values (87, 33, 928.49, '2025-03-22', 29);
insert into "Sale" (id, quantity, "totalPrice", time, "vegetableId") values (88, 39, 785.54, '2025-02-11', 39);
insert into "Sale" (id, quantity, "totalPrice", time, "vegetableId") values (89, 3, 446.58, '2024-12-31', 60);
insert into "Sale" (id, quantity, "totalPrice", time, "vegetableId") values (90, 14, 356.26, '2024-07-11', 10);
insert into "Sale" (id, quantity, "totalPrice", time, "vegetableId") values (91, 41, 550.42, '2024-12-12', 37);
insert into "Sale" (id, quantity, "totalPrice", time, "vegetableId") values (92, 40, 269.58, '2024-10-25', 35);
insert into "Sale" (id, quantity, "totalPrice", time, "vegetableId") values (93, 36, 982.16, '2024-07-06', 27);
insert into "Sale" (id, quantity, "totalPrice", time, "vegetableId") values (94, 15, 270.77, '2024-09-17', 36);
insert into "Sale" (id, quantity, "totalPrice", time, "vegetableId") values (95, 13, 865.45, '2025-01-12', 39);
insert into "Sale" (id, quantity, "totalPrice", time, "vegetableId") values (96, 27, 637.3, '2025-02-10', 50);
insert into "Sale" (id, quantity, "totalPrice", time, "vegetableId") values (97, 18, 157.34, '2024-08-09', 60);
insert into "Sale" (id, quantity, "totalPrice", time, "vegetableId") values (98, 13, 557.91, '2024-11-29', 41);
insert into "Sale" (id, quantity, "totalPrice", time, "vegetableId") values (99, 20, 159.04, '2024-08-06', 23);
insert into "Sale" (id, quantity, "totalPrice", time, "vegetableId") values (100, 35, 972.54, '2025-02-04', 57);
insert into "Sale" (id, quantity, "totalPrice", time, "vegetableId") values (101, 22, 963.72, '2024-10-04', 46);
insert into "Sale" (id, quantity, "totalPrice", time, "vegetableId") values (102, 11, 738.02, '2024-12-09', 24);
insert into "Sale" (id, quantity, "totalPrice", time, "vegetableId") values (103, 14, 133.61, '2024-07-08', 6);
insert into "Sale" (id, quantity, "totalPrice", time, "vegetableId") values (104, 13, 946.69, '2024-10-28', 30);
insert into "Sale" (id, quantity, "totalPrice", time, "vegetableId") values (105, 34, 368.2, '2025-04-21', 26);
insert into "Sale" (id, quantity, "totalPrice", time, "vegetableId") values (106, 5, 484.52, '2025-03-13', 3);
insert into "Sale" (id, quantity, "totalPrice", time, "vegetableId") values (107, 33, 335.6, '2024-12-07', 17);
insert into "Sale" (id, quantity, "totalPrice", time, "vegetableId") values (108, 24, 776.88, '2024-09-09', 1);
insert into "Sale" (id, quantity, "totalPrice", time, "vegetableId") values (109, 45, 817.89, '2024-08-16', 37);
insert into "Sale" (id, quantity, "totalPrice", time, "vegetableId") values (110, 27, 530.43, '2024-10-24', 35);
insert into "Sale" (id, quantity, "totalPrice", time, "vegetableId") values (111, 38, 170.11, '2024-11-01', 59);
insert into "Sale" (id, quantity, "totalPrice", time, "vegetableId") values (112, 7, 704.99, '2024-10-23', 44);
insert into "Sale" (id, quantity, "totalPrice", time, "vegetableId") values (113, 15, 970.6, '2024-09-12', 37);
insert into "Sale" (id, quantity, "totalPrice", time, "vegetableId") values (114, 27, 711.23, '2024-08-02', 27);
insert into "Sale" (id, quantity, "totalPrice", time, "vegetableId") values (115, 43, 836.38, '2024-10-19', 60);
insert into "Sale" (id, quantity, "totalPrice", time, "vegetableId") values (116, 37, 846.16, '2024-11-24', 9);
insert into "Sale" (id, quantity, "totalPrice", time, "vegetableId") values (117, 35, 395.53, '2025-03-21', 26);
insert into "Sale" (id, quantity, "totalPrice", time, "vegetableId") values (118, 41, 102.62, '2024-07-05', 32);
insert into "Sale" (id, quantity, "totalPrice", time, "vegetableId") values (119, 1, 878.61, '2025-02-14', 40);
insert into "Sale" (id, quantity, "totalPrice", time, "vegetableId") values (120, 28, 177.72, '2024-07-17', 12);
insert into "Sale" (id, quantity, "totalPrice", time, "vegetableId") values (121, 4, 264.16, '2025-01-29', 19);
insert into "Sale" (id, quantity, "totalPrice", time, "vegetableId") values (122, 3, 167.22, '2025-03-19', 40);
insert into "Sale" (id, quantity, "totalPrice", time, "vegetableId") values (123, 45, 103.64, '2024-06-19', 57);
insert into "Sale" (id, quantity, "totalPrice", time, "vegetableId") values (124, 24, 874.02, '2024-09-30', 27);
insert into "Sale" (id, quantity, "totalPrice", time, "vegetableId") values (125, 29, 428.6, '2025-03-10', 35);
insert into "Sale" (id, quantity, "totalPrice", time, "vegetableId") values (126, 9, 671.47, '2024-08-15', 2);
insert into "Sale" (id, quantity, "totalPrice", time, "vegetableId") values (127, 31, 785.99, '2025-02-07', 55);
insert into "Sale" (id, quantity, "totalPrice", time, "vegetableId") values (128, 34, 201.78, '2024-08-29', 31);
insert into "Sale" (id, quantity, "totalPrice", time, "vegetableId") values (129, 43, 302.09, '2024-07-01', 11);
insert into "Sale" (id, quantity, "totalPrice", time, "vegetableId") values (130, 33, 481.01, '2024-10-11', 28);
insert into "Sale" (id, quantity, "totalPrice", time, "vegetableId") values (131, 15, 700.73, '2024-12-05', 38);
insert into "Sale" (id, quantity, "totalPrice", time, "vegetableId") values (132, 11, 567.67, '2024-12-27', 7);
insert into "Sale" (id, quantity, "totalPrice", time, "vegetableId") values (133, 24, 483.5, '2025-01-20', 15);
insert into "Sale" (id, quantity, "totalPrice", time, "vegetableId") values (134, 36, 896.41, '2024-09-10', 53);
insert into "Sale" (id, quantity, "totalPrice", time, "vegetableId") values (135, 33, 797.58, '2024-08-10', 46);
insert into "Sale" (id, quantity, "totalPrice", time, "vegetableId") values (136, 50, 206.54, '2024-09-22', 54);
insert into "Sale" (id, quantity, "totalPrice", time, "vegetableId") values (137, 49, 897.67, '2025-03-15', 23);
insert into "Sale" (id, quantity, "totalPrice", time, "vegetableId") values (138, 45, 556.21, '2024-07-09', 8);
insert into "Sale" (id, quantity, "totalPrice", time, "vegetableId") values (139, 7, 220.87, '2025-04-04', 15);
insert into "Sale" (id, quantity, "totalPrice", time, "vegetableId") values (140, 35, 164.04, '2024-08-25', 31);
insert into "Sale" (id, quantity, "totalPrice", time, "vegetableId") values (141, 49, 391.27, '2025-02-13', 26);
insert into "Sale" (id, quantity, "totalPrice", time, "vegetableId") values (142, 3, 228.26, '2025-02-05', 23);
insert into "Sale" (id, quantity, "totalPrice", time, "vegetableId") values (143, 24, 284.47, '2024-10-17', 24);
insert into "Sale" (id, quantity, "totalPrice", time, "vegetableId") values (144, 39, 715.81, '2024-07-20', 10);
insert into "Sale" (id, quantity, "totalPrice", time, "vegetableId") values (145, 34, 865.01, '2025-01-18', 27);
insert into "Sale" (id, quantity, "totalPrice", time, "vegetableId") values (146, 48, 358.24, '2024-08-21', 45);
insert into "Sale" (id, quantity, "totalPrice", time, "vegetableId") values (147, 2, 601.27, '2024-06-21', 8);
insert into "Sale" (id, quantity, "totalPrice", time, "vegetableId") values (148, 37, 210.07, '2025-03-10', 23);
insert into "Sale" (id, quantity, "totalPrice", time, "vegetableId") values (149, 16, 199.52, '2025-04-07', 14);
insert into "Sale" (id, quantity, "totalPrice", time, "vegetableId") values (150, 13, 722.8, '2024-06-19', 44);
insert into "Sale" (id, quantity, "totalPrice", time, "vegetableId") values (151, 39, 556.4, '2025-01-12', 45);
insert into "Sale" (id, quantity, "totalPrice", time, "vegetableId") values (152, 18, 811.19, '2025-02-07', 27);
insert into "Sale" (id, quantity, "totalPrice", time, "vegetableId") values (153, 38, 102.96, '2024-10-18', 11);
insert into "Sale" (id, quantity, "totalPrice", time, "vegetableId") values (154, 48, 321.49, '2024-09-16', 13);
insert into "Sale" (id, quantity, "totalPrice", time, "vegetableId") values (155, 48, 121.52, '2024-11-21', 17);
insert into "Sale" (id, quantity, "totalPrice", time, "vegetableId") values (156, 43, 454.3, '2024-12-11', 18);
insert into "Sale" (id, quantity, "totalPrice", time, "vegetableId") values (157, 3, 824.47, '2024-09-17', 60);
insert into "Sale" (id, quantity, "totalPrice", time, "vegetableId") values (158, 24, 470.0, '2025-02-01', 24);
insert into "Sale" (id, quantity, "totalPrice", time, "vegetableId") values (159, 11, 842.38, '2024-07-17', 45);
insert into "Sale" (id, quantity, "totalPrice", time, "vegetableId") values (160, 36, 443.75, '2024-10-17', 41);
insert into "Sale" (id, quantity, "totalPrice", time, "vegetableId") values (161, 16, 494.83, '2025-01-13', 3);
insert into "Sale" (id, quantity, "totalPrice", time, "vegetableId") values (162, 21, 754.03, '2024-10-07', 47);
insert into "Sale" (id, quantity, "totalPrice", time, "vegetableId") values (163, 31, 280.79, '2024-07-11', 1);
insert into "Sale" (id, quantity, "totalPrice", time, "vegetableId") values (164, 15, 678.1, '2025-02-14', 22);
insert into "Sale" (id, quantity, "totalPrice", time, "vegetableId") values (165, 35, 674.42, '2025-03-19', 59);
insert into "Sale" (id, quantity, "totalPrice", time, "vegetableId") values (166, 24, 385.87, '2025-04-11', 57);
insert into "Sale" (id, quantity, "totalPrice", time, "vegetableId") values (167, 49, 231.67, '2025-02-12', 54);
insert into "Sale" (id, quantity, "totalPrice", time, "vegetableId") values (168, 17, 770.67, '2025-02-01', 15);
insert into "Sale" (id, quantity, "totalPrice", time, "vegetableId") values (169, 4, 282.1, '2025-02-10', 7);
insert into "Sale" (id, quantity, "totalPrice", time, "vegetableId") values (170, 34, 300.22, '2024-11-27', 36);
insert into "Sale" (id, quantity, "totalPrice", time, "vegetableId") values (171, 42, 794.08, '2024-06-19', 49);
insert into "Sale" (id, quantity, "totalPrice", time, "vegetableId") values (172, 35, 133.89, '2024-11-11', 31);
insert into "Sale" (id, quantity, "totalPrice", time, "vegetableId") values (173, 47, 643.25, '2024-09-16', 30);
insert into "Sale" (id, quantity, "totalPrice", time, "vegetableId") values (174, 50, 668.4, '2024-09-10', 23);
insert into "Sale" (id, quantity, "totalPrice", time, "vegetableId") values (175, 41, 410.88, '2024-10-19', 5);
insert into "Sale" (id, quantity, "totalPrice", time, "vegetableId") values (176, 2, 979.39, '2024-06-19', 52);
insert into "Sale" (id, quantity, "totalPrice", time, "vegetableId") values (177, 13, 836.98, '2024-08-20', 55);
insert into "Sale" (id, quantity, "totalPrice", time, "vegetableId") values (178, 33, 992.4, '2025-02-04', 51);
insert into "Sale" (id, quantity, "totalPrice", time, "vegetableId") values (179, 42, 176.09, '2024-10-19', 13);
insert into "Sale" (id, quantity, "totalPrice", time, "vegetableId") values (180, 5, 298.76, '2024-08-18', 40);
insert into "Sale" (id, quantity, "totalPrice", time, "vegetableId") values (181, 45, 753.82, '2024-08-14', 9);
insert into "Sale" (id, quantity, "totalPrice", time, "vegetableId") values (182, 18, 376.38, '2025-04-08', 48);
insert into "Sale" (id, quantity, "totalPrice", time, "vegetableId") values (183, 49, 843.78, '2024-06-28', 50);
insert into "Sale" (id, quantity, "totalPrice", time, "vegetableId") values (184, 32, 971.59, '2024-09-20', 18);
insert into "Sale" (id, quantity, "totalPrice", time, "vegetableId") values (185, 18, 391.09, '2024-11-25', 4);
insert into "Sale" (id, quantity, "totalPrice", time, "vegetableId") values (186, 48, 803.16, '2024-11-07', 46);
insert into "Sale" (id, quantity, "totalPrice", time, "vegetableId") values (187, 31, 314.49, '2024-06-24', 3);
insert into "Sale" (id, quantity, "totalPrice", time, "vegetableId") values (188, 27, 684.7, '2025-02-12', 37);
insert into "Sale" (id, quantity, "totalPrice", time, "vegetableId") values (189, 7, 222.5, '2025-03-11', 11);
insert into "Sale" (id, quantity, "totalPrice", time, "vegetableId") values (190, 46, 271.31, '2024-08-30', 22);
insert into "Sale" (id, quantity, "totalPrice", time, "vegetableId") values (191, 31, 106.23, '2024-10-09', 25);
insert into "Sale" (id, quantity, "totalPrice", time, "vegetableId") values (192, 47, 464.97, '2025-01-23', 38);
insert into "Sale" (id, quantity, "totalPrice", time, "vegetableId") values (193, 31, 595.2, '2025-04-08', 30);
insert into "Sale" (id, quantity, "totalPrice", time, "vegetableId") values (194, 46, 338.34, '2024-10-14', 24);
insert into "Sale" (id, quantity, "totalPrice", time, "vegetableId") values (195, 30, 303.96, '2024-12-29', 2);
insert into "Sale" (id, quantity, "totalPrice", time, "vegetableId") values (196, 15, 580.19, '2024-10-15', 42);
insert into "Sale" (id, quantity, "totalPrice", time, "vegetableId") values (197, 30, 677.39, '2024-07-08', 7);
insert into "Sale" (id, quantity, "totalPrice", time, "vegetableId") values (198, 19, 202.87, '2024-07-11', 49);
insert into "Sale" (id, quantity, "totalPrice", time, "vegetableId") values (199, 48, 433.2, '2025-01-10', 22);
insert into "Sale" (id, quantity, "totalPrice", time, "vegetableId") values (200, 13, 937.2, '2024-09-01', 22);
insert into "Sale" (id, quantity, "totalPrice", time, "vegetableId") values (201, 35, 503.5, '2025-03-23', 56);
insert into "Sale" (id, quantity, "totalPrice", time, "vegetableId") values (202, 4, 948.86, '2024-12-24', 6);
insert into "Sale" (id, quantity, "totalPrice", time, "vegetableId") values (203, 35, 459.92, '2024-10-05', 57);
insert into "Sale" (id, quantity, "totalPrice", time, "vegetableId") values (204, 6, 592.53, '2025-04-09', 52);
insert into "Sale" (id, quantity, "totalPrice", time, "vegetableId") values (205, 34, 390.43, '2025-02-25', 43);
insert into "Sale" (id, quantity, "totalPrice", time, "vegetableId") values (206, 21, 920.1, '2024-12-24', 15);
insert into "Sale" (id, quantity, "totalPrice", time, "vegetableId") values (207, 37, 231.86, '2025-04-18', 3);
insert into "Sale" (id, quantity, "totalPrice", time, "vegetableId") values (208, 22, 641.52, '2024-07-05', 36);
insert into "Sale" (id, quantity, "totalPrice", time, "vegetableId") values (209, 12, 540.16, '2024-07-08', 28);
insert into "Sale" (id, quantity, "totalPrice", time, "vegetableId") values (210, 26, 185.47, '2025-04-21', 26);
insert into "Sale" (id, quantity, "totalPrice", time, "vegetableId") values (211, 12, 589.41, '2025-02-12', 10);
insert into "Sale" (id, quantity, "totalPrice", time, "vegetableId") values (212, 46, 488.26, '2024-12-29', 39);
insert into "Sale" (id, quantity, "totalPrice", time, "vegetableId") values (213, 38, 971.95, '2024-10-28', 45);
insert into "Sale" (id, quantity, "totalPrice", time, "vegetableId") values (214, 24, 888.02, '2025-03-10', 50);
insert into "Sale" (id, quantity, "totalPrice", time, "vegetableId") values (215, 36, 926.85, '2024-09-04', 25);
insert into "Sale" (id, quantity, "totalPrice", time, "vegetableId") values (216, 42, 274.56, '2024-08-11', 47);
insert into "Sale" (id, quantity, "totalPrice", time, "vegetableId") values (217, 18, 760.26, '2025-01-25', 6);
insert into "Sale" (id, quantity, "totalPrice", time, "vegetableId") values (218, 2, 124.68, '2024-12-17', 55);
insert into "Sale" (id, quantity, "totalPrice", time, "vegetableId") values (219, 36, 534.39, '2024-08-09', 21);
insert into "Sale" (id, quantity, "totalPrice", time, "vegetableId") values (220, 25, 549.87, '2024-09-10', 10);
insert into "Sale" (id, quantity, "totalPrice", time, "vegetableId") values (221, 45, 492.29, '2025-01-14', 3);
insert into "Sale" (id, quantity, "totalPrice", time, "vegetableId") values (222, 30, 410.99, '2025-01-14', 60);
insert into "Sale" (id, quantity, "totalPrice", time, "vegetableId") values (223, 4, 666.41, '2024-09-03', 48);
insert into "Sale" (id, quantity, "totalPrice", time, "vegetableId") values (224, 2, 808.97, '2024-09-11', 12);
insert into "Sale" (id, quantity, "totalPrice", time, "vegetableId") values (225, 42, 752.0, '2024-10-21', 1);
insert into "Sale" (id, quantity, "totalPrice", time, "vegetableId") values (226, 50, 124.42, '2024-08-07', 48);
insert into "Sale" (id, quantity, "totalPrice", time, "vegetableId") values (227, 6, 293.72, '2024-07-03', 23);
insert into "Sale" (id, quantity, "totalPrice", time, "vegetableId") values (228, 37, 289.66, '2024-11-14', 51);
insert into "Sale" (id, quantity, "totalPrice", time, "vegetableId") values (229, 1, 608.93, '2025-03-29', 35);
insert into "Sale" (id, quantity, "totalPrice", time, "vegetableId") values (230, 29, 135.5, '2024-12-13', 51);
insert into "Sale" (id, quantity, "totalPrice", time, "vegetableId") values (231, 32, 595.15, '2025-02-01', 3);
insert into "Sale" (id, quantity, "totalPrice", time, "vegetableId") values (232, 46, 854.02, '2024-07-20', 3);
insert into "Sale" (id, quantity, "totalPrice", time, "vegetableId") values (233, 1, 613.23, '2024-12-02', 45);
insert into "Sale" (id, quantity, "totalPrice", time, "vegetableId") values (234, 48, 451.35, '2024-10-23', 59);
insert into "Sale" (id, quantity, "totalPrice", time, "vegetableId") values (235, 28, 571.74, '2025-03-19', 24);
insert into "Sale" (id, quantity, "totalPrice", time, "vegetableId") values (236, 45, 173.47, '2024-10-18', 32);
insert into "Sale" (id, quantity, "totalPrice", time, "vegetableId") values (237, 50, 383.14, '2024-12-03', 41);
insert into "Sale" (id, quantity, "totalPrice", time, "vegetableId") values (238, 41, 622.62, '2025-03-09', 23);
insert into "Sale" (id, quantity, "totalPrice", time, "vegetableId") values (239, 26, 622.57, '2024-12-13', 42);
insert into "Sale" (id, quantity, "totalPrice", time, "vegetableId") values (240, 38, 273.08, '2024-12-27', 33);
insert into "Sale" (id, quantity, "totalPrice", time, "vegetableId") values (241, 13, 306.49, '2024-12-16', 10);
insert into "Sale" (id, quantity, "totalPrice", time, "vegetableId") values (242, 18, 544.22, '2024-10-29', 14);
insert into "Sale" (id, quantity, "totalPrice", time, "vegetableId") values (243, 7, 971.41, '2024-11-26', 20);
insert into "Sale" (id, quantity, "totalPrice", time, "vegetableId") values (244, 42, 765.9, '2024-11-06', 39);
insert into "Sale" (id, quantity, "totalPrice", time, "vegetableId") values (245, 38, 263.32, '2024-07-04', 22);
insert into "Sale" (id, quantity, "totalPrice", time, "vegetableId") values (246, 35, 677.43, '2024-11-02', 39);
insert into "Sale" (id, quantity, "totalPrice", time, "vegetableId") values (247, 46, 407.68, '2025-02-22', 35);
insert into "Sale" (id, quantity, "totalPrice", time, "vegetableId") values (248, 44, 672.01, '2024-12-04', 38);
insert into "Sale" (id, quantity, "totalPrice", time, "vegetableId") values (249, 34, 898.12, '2024-08-13', 56);
insert into "Sale" (id, quantity, "totalPrice", time, "vegetableId") values (250, 16, 663.62, '2024-09-11', 16);
insert into "Sale" (id, quantity, "totalPrice", time, "vegetableId") values (251, 19, 676.5, '2024-08-15', 33);
insert into "Sale" (id, quantity, "totalPrice", time, "vegetableId") values (252, 10, 546.46, '2024-10-05', 46);
insert into "Sale" (id, quantity, "totalPrice", time, "vegetableId") values (253, 45, 892.22, '2024-10-13', 8);
insert into "Sale" (id, quantity, "totalPrice", time, "vegetableId") values (254, 48, 853.91, '2025-01-19', 48);
insert into "Sale" (id, quantity, "totalPrice", time, "vegetableId") values (255, 7, 547.29, '2025-02-13', 30);
insert into "Sale" (id, quantity, "totalPrice", time, "vegetableId") values (256, 31, 369.02, '2024-11-01', 39);
insert into "Sale" (id, quantity, "totalPrice", time, "vegetableId") values (257, 34, 465.53, '2025-03-31', 58);
insert into "Sale" (id, quantity, "totalPrice", time, "vegetableId") values (258, 20, 775.69, '2024-09-15', 23);
insert into "Sale" (id, quantity, "totalPrice", time, "vegetableId") values (259, 24, 894.3, '2024-09-27', 22);
insert into "Sale" (id, quantity, "totalPrice", time, "vegetableId") values (260, 50, 942.68, '2025-04-08', 39);
insert into "Sale" (id, quantity, "totalPrice", time, "vegetableId") values (261, 6, 457.2, '2025-01-31', 54);
insert into "Sale" (id, quantity, "totalPrice", time, "vegetableId") values (262, 35, 429.89, '2024-09-14', 6);
insert into "Sale" (id, quantity, "totalPrice", time, "vegetableId") values (263, 12, 632.81, '2024-09-18', 37);
insert into "Sale" (id, quantity, "totalPrice", time, "vegetableId") values (264, 14, 550.65, '2025-03-19', 52);
insert into "Sale" (id, quantity, "totalPrice", time, "vegetableId") values (265, 4, 151.36, '2025-04-05', 37);
insert into "Sale" (id, quantity, "totalPrice", time, "vegetableId") values (266, 42, 712.78, '2024-10-19', 47);
insert into "Sale" (id, quantity, "totalPrice", time, "vegetableId") values (267, 44, 457.04, '2025-04-12', 21);
insert into "Sale" (id, quantity, "totalPrice", time, "vegetableId") values (268, 25, 327.14, '2025-03-23', 19);
insert into "Sale" (id, quantity, "totalPrice", time, "vegetableId") values (269, 35, 859.75, '2024-11-05', 25);
insert into "Sale" (id, quantity, "totalPrice", time, "vegetableId") values (270, 29, 450.31, '2024-11-16', 11);
insert into "Sale" (id, quantity, "totalPrice", time, "vegetableId") values (271, 41, 967.35, '2025-01-26', 10);
insert into "Sale" (id, quantity, "totalPrice", time, "vegetableId") values (272, 21, 971.76, '2025-02-07', 26);
insert into "Sale" (id, quantity, "totalPrice", time, "vegetableId") values (273, 32, 255.66, '2024-08-28', 59);
insert into "Sale" (id, quantity, "totalPrice", time, "vegetableId") values (274, 26, 600.95, '2024-08-25', 1);
insert into "Sale" (id, quantity, "totalPrice", time, "vegetableId") values (275, 4, 490.53, '2024-07-21', 12);
insert into "Sale" (id, quantity, "totalPrice", time, "vegetableId") values (276, 48, 190.39, '2025-04-05', 40);
insert into "Sale" (id, quantity, "totalPrice", time, "vegetableId") values (277, 34, 755.88, '2025-01-24', 51);
insert into "Sale" (id, quantity, "totalPrice", time, "vegetableId") values (278, 35, 216.12, '2024-10-03', 25);
insert into "Sale" (id, quantity, "totalPrice", time, "vegetableId") values (279, 33, 329.9, '2024-12-25', 47);
insert into "Sale" (id, quantity, "totalPrice", time, "vegetableId") values (280, 39, 118.74, '2025-01-29', 8);
insert into "Sale" (id, quantity, "totalPrice", time, "vegetableId") values (281, 43, 407.45, '2025-02-09', 54);
insert into "Sale" (id, quantity, "totalPrice", time, "vegetableId") values (282, 19, 884.31, '2024-11-06', 45);
insert into "Sale" (id, quantity, "totalPrice", time, "vegetableId") values (283, 33, 758.34, '2024-11-17', 44);
insert into "Sale" (id, quantity, "totalPrice", time, "vegetableId") values (284, 20, 674.52, '2024-08-20', 48);
insert into "Sale" (id, quantity, "totalPrice", time, "vegetableId") values (285, 22, 516.37, '2025-02-09', 30);
insert into "Sale" (id, quantity, "totalPrice", time, "vegetableId") values (286, 40, 957.3, '2024-10-27', 7);
insert into "Sale" (id, quantity, "totalPrice", time, "vegetableId") values (287, 29, 318.69, '2024-11-17', 57);
insert into "Sale" (id, quantity, "totalPrice", time, "vegetableId") values (288, 4, 859.98, '2024-09-17', 19);
insert into "Sale" (id, quantity, "totalPrice", time, "vegetableId") values (289, 8, 959.63, '2025-03-06', 20);
insert into "Sale" (id, quantity, "totalPrice", time, "vegetableId") values (290, 10, 743.96, '2024-10-09', 23);
insert into "Sale" (id, quantity, "totalPrice", time, "vegetableId") values (291, 43, 312.84, '2024-08-26', 10);
insert into "Sale" (id, quantity, "totalPrice", time, "vegetableId") values (292, 43, 785.07, '2024-12-05', 7);
insert into "Sale" (id, quantity, "totalPrice", time, "vegetableId") values (293, 24, 747.7, '2025-04-21', 20);
insert into "Sale" (id, quantity, "totalPrice", time, "vegetableId") values (294, 31, 553.4, '2024-10-02', 13);
insert into "Sale" (id, quantity, "totalPrice", time, "vegetableId") values (295, 41, 857.85, '2024-11-13', 50);
insert into "Sale" (id, quantity, "totalPrice", time, "vegetableId") values (296, 28, 331.57, '2024-10-19', 11);
insert into "Sale" (id, quantity, "totalPrice", time, "vegetableId") values (297, 5, 767.25, '2025-02-18', 16);
insert into "Sale" (id, quantity, "totalPrice", time, "vegetableId") values (298, 25, 525.04, '2024-07-31', 26);
insert into "Sale" (id, quantity, "totalPrice", time, "vegetableId") values (299, 36, 277.11, '2024-07-17', 16);
insert into "Sale" (id, quantity, "totalPrice", time, "vegetableId") values (300, 46, 705.69, '2024-09-14', 36);
insert into "Sale" (id, quantity, "totalPrice", time, "vegetableId") values (301, 41, 780.41, '2024-08-26', 23);
insert into "Sale" (id, quantity, "totalPrice", time, "vegetableId") values (302, 23, 717.13, '2025-03-15', 11);
insert into "Sale" (id, quantity, "totalPrice", time, "vegetableId") values (303, 28, 788.11, '2025-03-25', 40);
insert into "Sale" (id, quantity, "totalPrice", time, "vegetableId") values (304, 26, 344.13, '2024-11-13', 25);
insert into "Sale" (id, quantity, "totalPrice", time, "vegetableId") values (305, 33, 822.53, '2024-09-09', 20);
insert into "Sale" (id, quantity, "totalPrice", time, "vegetableId") values (306, 37, 887.24, '2024-12-20', 8);
insert into "Sale" (id, quantity, "totalPrice", time, "vegetableId") values (307, 26, 220.01, '2024-12-05', 4);
insert into "Sale" (id, quantity, "totalPrice", time, "vegetableId") values (308, 8, 247.1, '2024-12-29', 36);
insert into "Sale" (id, quantity, "totalPrice", time, "vegetableId") values (309, 40, 563.74, '2024-08-25', 29);
insert into "Sale" (id, quantity, "totalPrice", time, "vegetableId") values (310, 12, 581.88, '2024-08-11', 27);
insert into "Sale" (id, quantity, "totalPrice", time, "vegetableId") values (311, 23, 590.47, '2024-10-09', 14);
insert into "Sale" (id, quantity, "totalPrice", time, "vegetableId") values (312, 16, 937.86, '2024-12-31', 5);
insert into "Sale" (id, quantity, "totalPrice", time, "vegetableId") values (313, 14, 543.84, '2024-08-05', 25);
insert into "Sale" (id, quantity, "totalPrice", time, "vegetableId") values (314, 47, 263.01, '2024-06-23', 53);
insert into "Sale" (id, quantity, "totalPrice", time, "vegetableId") values (315, 25, 580.61, '2024-07-02', 57);
insert into "Sale" (id, quantity, "totalPrice", time, "vegetableId") values (316, 12, 334.96, '2025-04-07', 24);
insert into "Sale" (id, quantity, "totalPrice", time, "vegetableId") values (317, 15, 825.79, '2024-08-26', 30);
insert into "Sale" (id, quantity, "totalPrice", time, "vegetableId") values (318, 21, 487.25, '2024-10-16', 30);
insert into "Sale" (id, quantity, "totalPrice", time, "vegetableId") values (319, 13, 162.06, '2024-11-04', 40);
insert into "Sale" (id, quantity, "totalPrice", time, "vegetableId") values (320, 33, 796.6, '2024-08-19', 4);
insert into "Sale" (id, quantity, "totalPrice", time, "vegetableId") values (321, 35, 370.94, '2024-12-24', 51);
insert into "Sale" (id, quantity, "totalPrice", time, "vegetableId") values (322, 4, 121.72, '2024-12-14', 56);
insert into "Sale" (id, quantity, "totalPrice", time, "vegetableId") values (323, 16, 180.69, '2025-01-19', 38);
insert into "Sale" (id, quantity, "totalPrice", time, "vegetableId") values (324, 17, 844.51, '2024-07-16', 45);
insert into "Sale" (id, quantity, "totalPrice", time, "vegetableId") values (325, 39, 595.39, '2024-11-06', 46);
insert into "Sale" (id, quantity, "totalPrice", time, "vegetableId") values (326, 39, 852.59, '2025-01-13', 12);
insert into "Sale" (id, quantity, "totalPrice", time, "vegetableId") values (327, 6, 795.98, '2025-01-23', 42);
insert into "Sale" (id, quantity, "totalPrice", time, "vegetableId") values (328, 1, 525.59, '2024-11-30', 15);
insert into "Sale" (id, quantity, "totalPrice", time, "vegetableId") values (329, 20, 442.81, '2024-11-09', 57);
insert into "Sale" (id, quantity, "totalPrice", time, "vegetableId") values (330, 35, 889.4, '2024-10-31', 60);
insert into "Sale" (id, quantity, "totalPrice", time, "vegetableId") values (331, 42, 883.63, '2025-04-04', 33);
insert into "Sale" (id, quantity, "totalPrice", time, "vegetableId") values (332, 50, 256.47, '2024-11-04', 55);
insert into "Sale" (id, quantity, "totalPrice", time, "vegetableId") values (333, 11, 418.26, '2024-08-28', 59);
insert into "Sale" (id, quantity, "totalPrice", time, "vegetableId") values (334, 3, 173.69, '2024-12-19', 9);
insert into "Sale" (id, quantity, "totalPrice", time, "vegetableId") values (335, 47, 852.39, '2025-03-03', 55);
insert into "Sale" (id, quantity, "totalPrice", time, "vegetableId") values (336, 36, 942.85, '2024-09-29', 14);
insert into "Sale" (id, quantity, "totalPrice", time, "vegetableId") values (337, 5, 835.22, '2025-01-09', 50);
insert into "Sale" (id, quantity, "totalPrice", time, "vegetableId") values (338, 44, 766.6, '2024-10-31', 30);
insert into "Sale" (id, quantity, "totalPrice", time, "vegetableId") values (339, 12, 158.36, '2024-08-16', 52);
insert into "Sale" (id, quantity, "totalPrice", time, "vegetableId") values (340, 11, 840.56, '2025-02-01', 34);
insert into "Sale" (id, quantity, "totalPrice", time, "vegetableId") values (341, 7, 628.86, '2024-12-05', 36);
insert into "Sale" (id, quantity, "totalPrice", time, "vegetableId") values (342, 31, 751.17, '2024-06-21', 41);
insert into "Sale" (id, quantity, "totalPrice", time, "vegetableId") values (343, 4, 658.43, '2025-01-31', 30);
insert into "Sale" (id, quantity, "totalPrice", time, "vegetableId") values (344, 50, 148.07, '2025-03-09', 14);
insert into "Sale" (id, quantity, "totalPrice", time, "vegetableId") values (345, 10, 116.41, '2024-12-23', 32);
insert into "Sale" (id, quantity, "totalPrice", time, "vegetableId") values (346, 49, 523.11, '2024-08-30', 33);
insert into "Sale" (id, quantity, "totalPrice", time, "vegetableId") values (347, 48, 372.63, '2024-11-21', 45);
insert into "Sale" (id, quantity, "totalPrice", time, "vegetableId") values (348, 48, 642.16, '2024-08-13', 17);
insert into "Sale" (id, quantity, "totalPrice", time, "vegetableId") values (349, 49, 672.09, '2025-03-14', 33);
insert into "Sale" (id, quantity, "totalPrice", time, "vegetableId") values (350, 35, 386.1, '2024-10-28', 46);
insert into "Sale" (id, quantity, "totalPrice", time, "vegetableId") values (351, 30, 653.49, '2024-10-29', 48);
insert into "Sale" (id, quantity, "totalPrice", time, "vegetableId") values (352, 13, 912.7, '2025-02-01', 35);
insert into "Sale" (id, quantity, "totalPrice", time, "vegetableId") values (353, 32, 578.18, '2024-12-16', 55);
insert into "Sale" (id, quantity, "totalPrice", time, "vegetableId") values (354, 30, 883.4, '2025-01-23', 29);
insert into "Sale" (id, quantity, "totalPrice", time, "vegetableId") values (355, 37, 716.14, '2025-01-09', 48);
insert into "Sale" (id, quantity, "totalPrice", time, "vegetableId") values (356, 24, 818.33, '2025-03-03', 49);
insert into "Sale" (id, quantity, "totalPrice", time, "vegetableId") values (357, 18, 380.12, '2024-09-22', 10);
insert into "Sale" (id, quantity, "totalPrice", time, "vegetableId") values (358, 19, 355.45, '2024-08-06', 4);
insert into "Sale" (id, quantity, "totalPrice", time, "vegetableId") values (359, 19, 569.83, '2025-01-31', 32);
insert into "Sale" (id, quantity, "totalPrice", time, "vegetableId") values (360, 20, 831.93, '2025-03-05', 20);
insert into "Sale" (id, quantity, "totalPrice", time, "vegetableId") values (361, 44, 309.37, '2025-03-31', 2);
insert into "Sale" (id, quantity, "totalPrice", time, "vegetableId") values (362, 39, 153.54, '2025-04-01', 25);
insert into "Sale" (id, quantity, "totalPrice", time, "vegetableId") values (363, 1, 520.89, '2025-03-30', 4);
insert into "Sale" (id, quantity, "totalPrice", time, "vegetableId") values (364, 3, 117.43, '2024-09-14', 4);
insert into "Sale" (id, quantity, "totalPrice", time, "vegetableId") values (365, 5, 338.54, '2024-08-11', 25);
insert into "Sale" (id, quantity, "totalPrice", time, "vegetableId") values (366, 10, 975.34, '2024-12-29', 31);
insert into "Sale" (id, quantity, "totalPrice", time, "vegetableId") values (367, 26, 924.69, '2024-07-21', 42);
insert into "Sale" (id, quantity, "totalPrice", time, "vegetableId") values (368, 47, 418.38, '2024-10-17', 3);
insert into "Sale" (id, quantity, "totalPrice", time, "vegetableId") values (369, 17, 857.05, '2024-11-05', 27);
insert into "Sale" (id, quantity, "totalPrice", time, "vegetableId") values (370, 33, 601.7, '2024-08-21', 55);
insert into "Sale" (id, quantity, "totalPrice", time, "vegetableId") values (371, 42, 147.03, '2025-03-17', 15);
insert into "Sale" (id, quantity, "totalPrice", time, "vegetableId") values (372, 22, 733.97, '2025-03-03', 30);
insert into "Sale" (id, quantity, "totalPrice", time, "vegetableId") values (373, 49, 304.14, '2024-08-31', 22);
insert into "Sale" (id, quantity, "totalPrice", time, "vegetableId") values (374, 27, 992.06, '2025-03-24', 58);
insert into "Sale" (id, quantity, "totalPrice", time, "vegetableId") values (375, 2, 206.08, '2024-12-22', 34);
insert into "Sale" (id, quantity, "totalPrice", time, "vegetableId") values (376, 15, 510.98, '2024-06-22', 21);
insert into "Sale" (id, quantity, "totalPrice", time, "vegetableId") values (377, 15, 861.09, '2025-02-18', 7);
insert into "Sale" (id, quantity, "totalPrice", time, "vegetableId") values (378, 19, 975.21, '2025-03-05', 27);
insert into "Sale" (id, quantity, "totalPrice", time, "vegetableId") values (379, 43, 587.92, '2024-12-29', 28);
insert into "Sale" (id, quantity, "totalPrice", time, "vegetableId") values (380, 1, 908.19, '2024-09-09', 21);
insert into "Sale" (id, quantity, "totalPrice", time, "vegetableId") values (381, 38, 513.04, '2024-07-20', 58);
insert into "Sale" (id, quantity, "totalPrice", time, "vegetableId") values (382, 44, 735.81, '2024-11-09', 18);
insert into "Sale" (id, quantity, "totalPrice", time, "vegetableId") values (383, 12, 138.42, '2025-01-11', 37);
insert into "Sale" (id, quantity, "totalPrice", time, "vegetableId") values (384, 27, 815.97, '2024-09-16', 7);
insert into "Sale" (id, quantity, "totalPrice", time, "vegetableId") values (385, 23, 607.22, '2025-01-25', 8);
insert into "Sale" (id, quantity, "totalPrice", time, "vegetableId") values (386, 5, 328.96, '2024-09-11', 5);
insert into "Sale" (id, quantity, "totalPrice", time, "vegetableId") values (387, 40, 484.58, '2024-11-25', 16);
insert into "Sale" (id, quantity, "totalPrice", time, "vegetableId") values (388, 45, 761.93, '2025-04-04', 35);
insert into "Sale" (id, quantity, "totalPrice", time, "vegetableId") values (389, 50, 755.6, '2024-12-02', 39);
insert into "Sale" (id, quantity, "totalPrice", time, "vegetableId") values (390, 48, 927.58, '2024-08-26', 44);
insert into "Sale" (id, quantity, "totalPrice", time, "vegetableId") values (391, 43, 627.17, '2024-11-30', 47);
insert into "Sale" (id, quantity, "totalPrice", time, "vegetableId") values (392, 18, 352.51, '2024-12-24', 43);
insert into "Sale" (id, quantity, "totalPrice", time, "vegetableId") values (393, 19, 523.56, '2025-01-27', 13);
insert into "Sale" (id, quantity, "totalPrice", time, "vegetableId") values (394, 46, 228.54, '2024-11-10', 4);
insert into "Sale" (id, quantity, "totalPrice", time, "vegetableId") values (395, 30, 564.2, '2025-03-05', 36);
insert into "Sale" (id, quantity, "totalPrice", time, "vegetableId") values (396, 30, 684.01, '2024-12-15', 53);
insert into "Sale" (id, quantity, "totalPrice", time, "vegetableId") values (397, 31, 685.95, '2024-11-16', 36);
insert into "Sale" (id, quantity, "totalPrice", time, "vegetableId") values (398, 41, 465.97, '2025-01-06', 22);
insert into "Sale" (id, quantity, "totalPrice", time, "vegetableId") values (399, 16, 754.85, '2024-08-16', 50);
insert into "Sale" (id, quantity, "totalPrice", time, "vegetableId") values (400, 6, 752.83, '2025-02-28', 19);
insert into "Sale" (id, quantity, "totalPrice", time, "vegetableId") values (401, 48, 323.99, '2025-03-23', 7);
insert into "Sale" (id, quantity, "totalPrice", time, "vegetableId") values (402, 43, 783.97, '2025-02-17', 50);
insert into "Sale" (id, quantity, "totalPrice", time, "vegetableId") values (403, 18, 659.26, '2024-06-22', 2);
insert into "Sale" (id, quantity, "totalPrice", time, "vegetableId") values (404, 6, 551.38, '2024-08-27', 19);
insert into "Sale" (id, quantity, "totalPrice", time, "vegetableId") values (405, 23, 513.71, '2024-09-12', 15);
insert into "Sale" (id, quantity, "totalPrice", time, "vegetableId") values (406, 42, 919.98, '2024-07-15', 36);
insert into "Sale" (id, quantity, "totalPrice", time, "vegetableId") values (407, 45, 768.56, '2025-02-05', 57);
insert into "Sale" (id, quantity, "totalPrice", time, "vegetableId") values (408, 27, 129.36, '2024-10-31', 32);
insert into "Sale" (id, quantity, "totalPrice", time, "vegetableId") values (409, 27, 700.29, '2025-01-21', 17);
insert into "Sale" (id, quantity, "totalPrice", time, "vegetableId") values (410, 15, 877.07, '2024-09-05', 35);
insert into "Sale" (id, quantity, "totalPrice", time, "vegetableId") values (411, 43, 900.96, '2024-10-29', 39);
insert into "Sale" (id, quantity, "totalPrice", time, "vegetableId") values (412, 24, 148.35, '2024-12-06', 16);
insert into "Sale" (id, quantity, "totalPrice", time, "vegetableId") values (413, 38, 711.03, '2024-09-02', 32);
insert into "Sale" (id, quantity, "totalPrice", time, "vegetableId") values (414, 44, 270.35, '2025-02-21', 2);
insert into "Sale" (id, quantity, "totalPrice", time, "vegetableId") values (415, 43, 679.57, '2024-07-01', 30);
insert into "Sale" (id, quantity, "totalPrice", time, "vegetableId") values (416, 46, 577.95, '2025-03-15', 16);
insert into "Sale" (id, quantity, "totalPrice", time, "vegetableId") values (417, 2, 699.82, '2024-07-29', 11);
insert into "Sale" (id, quantity, "totalPrice", time, "vegetableId") values (418, 9, 166.88, '2025-01-31', 51);
insert into "Sale" (id, quantity, "totalPrice", time, "vegetableId") values (419, 32, 415.82, '2024-11-09', 45);
insert into "Sale" (id, quantity, "totalPrice", time, "vegetableId") values (420, 24, 961.66, '2025-04-10', 38);
insert into "Sale" (id, quantity, "totalPrice", time, "vegetableId") values (421, 34, 594.31, '2025-01-02', 27);
insert into "Sale" (id, quantity, "totalPrice", time, "vegetableId") values (422, 32, 402.36, '2025-04-10', 31);
insert into "Sale" (id, quantity, "totalPrice", time, "vegetableId") values (423, 42, 214.68, '2024-11-24', 57);
insert into "Sale" (id, quantity, "totalPrice", time, "vegetableId") values (424, 24, 948.2, '2024-10-08', 40);
insert into "Sale" (id, quantity, "totalPrice", time, "vegetableId") values (425, 32, 596.67, '2024-09-05', 52);
insert into "Sale" (id, quantity, "totalPrice", time, "vegetableId") values (426, 8, 444.36, '2024-09-26', 17);
insert into "Sale" (id, quantity, "totalPrice", time, "vegetableId") values (427, 14, 377.02, '2024-09-12', 22);
insert into "Sale" (id, quantity, "totalPrice", time, "vegetableId") values (428, 29, 708.94, '2025-03-02', 42);
insert into "Sale" (id, quantity, "totalPrice", time, "vegetableId") values (429, 42, 957.82, '2025-04-03', 41);
insert into "Sale" (id, quantity, "totalPrice", time, "vegetableId") values (430, 37, 231.96, '2024-10-15', 26);
insert into "Sale" (id, quantity, "totalPrice", time, "vegetableId") values (431, 28, 421.11, '2025-01-24', 57);
insert into "Sale" (id, quantity, "totalPrice", time, "vegetableId") values (432, 10, 600.16, '2024-11-13', 6);
insert into "Sale" (id, quantity, "totalPrice", time, "vegetableId") values (433, 30, 904.27, '2024-12-31', 42);
insert into "Sale" (id, quantity, "totalPrice", time, "vegetableId") values (434, 39, 935.34, '2024-10-11', 35);
insert into "Sale" (id, quantity, "totalPrice", time, "vegetableId") values (435, 33, 451.47, '2024-12-05', 55);
insert into "Sale" (id, quantity, "totalPrice", time, "vegetableId") values (436, 45, 355.59, '2024-07-16', 19);
insert into "Sale" (id, quantity, "totalPrice", time, "vegetableId") values (437, 44, 472.39, '2024-10-22', 11);
insert into "Sale" (id, quantity, "totalPrice", time, "vegetableId") values (438, 31, 617.71, '2024-10-24', 58);
insert into "Sale" (id, quantity, "totalPrice", time, "vegetableId") values (439, 18, 876.25, '2024-07-05', 16);
insert into "Sale" (id, quantity, "totalPrice", time, "vegetableId") values (440, 9, 703.35, '2024-10-23', 32);
insert into "Sale" (id, quantity, "totalPrice", time, "vegetableId") values (441, 36, 423.61, '2025-01-09', 55);
insert into "Sale" (id, quantity, "totalPrice", time, "vegetableId") values (442, 49, 304.34, '2025-03-27', 30);
insert into "Sale" (id, quantity, "totalPrice", time, "vegetableId") values (443, 48, 502.14, '2025-03-17', 38);
insert into "Sale" (id, quantity, "totalPrice", time, "vegetableId") values (444, 42, 950.68, '2025-04-20', 51);
insert into "Sale" (id, quantity, "totalPrice", time, "vegetableId") values (445, 9, 553.72, '2024-11-19', 59);
insert into "Sale" (id, quantity, "totalPrice", time, "vegetableId") values (446, 18, 107.27, '2025-03-23', 40);
insert into "Sale" (id, quantity, "totalPrice", time, "vegetableId") values (447, 39, 319.54, '2024-12-27', 38);
insert into "Sale" (id, quantity, "totalPrice", time, "vegetableId") values (448, 9, 764.97, '2024-12-28', 54);
insert into "Sale" (id, quantity, "totalPrice", time, "vegetableId") values (449, 29, 546.5, '2024-12-21', 58);
insert into "Sale" (id, quantity, "totalPrice", time, "vegetableId") values (450, 32, 974.0, '2024-07-29', 55);
insert into "Sale" (id, quantity, "totalPrice", time, "vegetableId") values (451, 4, 317.03, '2024-11-19', 37);
insert into "Sale" (id, quantity, "totalPrice", time, "vegetableId") values (452, 7, 596.44, '2025-02-04', 6);
insert into "Sale" (id, quantity, "totalPrice", time, "vegetableId") values (453, 45, 739.81, '2024-10-16', 45);
insert into "Sale" (id, quantity, "totalPrice", time, "vegetableId") values (454, 33, 358.72, '2024-09-30', 40);
insert into "Sale" (id, quantity, "totalPrice", time, "vegetableId") values (455, 14, 535.55, '2024-12-27', 26);
insert into "Sale" (id, quantity, "totalPrice", time, "vegetableId") values (456, 36, 231.42, '2024-11-06', 26);
insert into "Sale" (id, quantity, "totalPrice", time, "vegetableId") values (457, 27, 503.65, '2024-12-09', 45);
insert into "Sale" (id, quantity, "totalPrice", time, "vegetableId") values (458, 34, 547.34, '2025-02-25', 37);
insert into "Sale" (id, quantity, "totalPrice", time, "vegetableId") values (459, 45, 350.39, '2024-06-19', 3);
insert into "Sale" (id, quantity, "totalPrice", time, "vegetableId") values (460, 28, 281.47, '2024-10-01', 45);
insert into "Sale" (id, quantity, "totalPrice", time, "vegetableId") values (461, 7, 417.99, '2024-09-13', 5);
insert into "Sale" (id, quantity, "totalPrice", time, "vegetableId") values (462, 48, 668.83, '2024-08-15', 37);
insert into "Sale" (id, quantity, "totalPrice", time, "vegetableId") values (463, 40, 288.86, '2024-10-22', 44);
insert into "Sale" (id, quantity, "totalPrice", time, "vegetableId") values (464, 3, 648.57, '2025-01-15', 3);
insert into "Sale" (id, quantity, "totalPrice", time, "vegetableId") values (465, 13, 160.35, '2024-12-06', 7);
insert into "Sale" (id, quantity, "totalPrice", time, "vegetableId") values (466, 50, 922.31, '2024-12-18', 60);
insert into "Sale" (id, quantity, "totalPrice", time, "vegetableId") values (467, 38, 846.8, '2024-07-04', 32);
insert into "Sale" (id, quantity, "totalPrice", time, "vegetableId") values (468, 22, 114.7, '2024-07-14', 25);
insert into "Sale" (id, quantity, "totalPrice", time, "vegetableId") values (469, 13, 452.82, '2025-01-27', 27);
insert into "Sale" (id, quantity, "totalPrice", time, "vegetableId") values (470, 18, 850.56, '2024-10-27', 42);
insert into "Sale" (id, quantity, "totalPrice", time, "vegetableId") values (471, 11, 873.86, '2024-07-06', 1);
insert into "Sale" (id, quantity, "totalPrice", time, "vegetableId") values (472, 17, 798.68, '2025-03-29', 59);
insert into "Sale" (id, quantity, "totalPrice", time, "vegetableId") values (473, 38, 651.61, '2025-01-02', 28);
insert into "Sale" (id, quantity, "totalPrice", time, "vegetableId") values (474, 38, 193.05, '2025-03-27', 10);
insert into "Sale" (id, quantity, "totalPrice", time, "vegetableId") values (475, 7, 413.93, '2024-09-25', 51);
insert into "Sale" (id, quantity, "totalPrice", time, "vegetableId") values (476, 8, 527.08, '2025-02-09', 12);
insert into "Sale" (id, quantity, "totalPrice", time, "vegetableId") values (477, 40, 667.58, '2025-03-27', 35);
insert into "Sale" (id, quantity, "totalPrice", time, "vegetableId") values (478, 30, 796.3, '2025-04-10', 1);
insert into "Sale" (id, quantity, "totalPrice", time, "vegetableId") values (479, 41, 139.36, '2025-02-13', 49);
insert into "Sale" (id, quantity, "totalPrice", time, "vegetableId") values (480, 44, 932.05, '2024-11-23', 58);
insert into "Sale" (id, quantity, "totalPrice", time, "vegetableId") values (481, 16, 251.61, '2024-10-05', 15);
insert into "Sale" (id, quantity, "totalPrice", time, "vegetableId") values (482, 46, 592.5, '2024-12-05', 14);
insert into "Sale" (id, quantity, "totalPrice", time, "vegetableId") values (483, 44, 341.91, '2024-12-14', 38);
insert into "Sale" (id, quantity, "totalPrice", time, "vegetableId") values (484, 22, 828.58, '2025-02-22', 8);
insert into "Sale" (id, quantity, "totalPrice", time, "vegetableId") values (485, 32, 251.63, '2024-07-30', 33);
insert into "Sale" (id, quantity, "totalPrice", time, "vegetableId") values (486, 11, 433.79, '2024-06-25', 8);
insert into "Sale" (id, quantity, "totalPrice", time, "vegetableId") values (487, 14, 386.99, '2024-12-03', 39);
insert into "Sale" (id, quantity, "totalPrice", time, "vegetableId") values (488, 41, 273.74, '2024-07-29', 21);
insert into "Sale" (id, quantity, "totalPrice", time, "vegetableId") values (489, 16, 577.69, '2024-11-01', 1);
insert into "Sale" (id, quantity, "totalPrice", time, "vegetableId") values (490, 28, 114.34, '2024-08-14', 18);
insert into "Sale" (id, quantity, "totalPrice", time, "vegetableId") values (491, 38, 694.32, '2024-09-16', 39);
insert into "Sale" (id, quantity, "totalPrice", time, "vegetableId") values (492, 16, 184.33, '2024-07-29', 14);
insert into "Sale" (id, quantity, "totalPrice", time, "vegetableId") values (493, 21, 449.13, '2024-08-01', 1);
insert into "Sale" (id, quantity, "totalPrice", time, "vegetableId") values (494, 46, 108.34, '2025-02-26', 23);
insert into "Sale" (id, quantity, "totalPrice", time, "vegetableId") values (495, 13, 906.23, '2024-10-21', 16);
insert into "Sale" (id, quantity, "totalPrice", time, "vegetableId") values (496, 2, 337.65, '2024-10-17', 35);
insert into "Sale" (id, quantity, "totalPrice", time, "vegetableId") values (497, 30, 811.12, '2024-07-29', 1);
insert into "Sale" (id, quantity, "totalPrice", time, "vegetableId") values (498, 26, 128.28, '2025-03-23', 2);
insert into "Sale" (id, quantity, "totalPrice", time, "vegetableId") values (499, 48, 586.61, '2025-02-08', 8);
insert into "Sale" (id, quantity, "totalPrice", time, "vegetableId") values (500, 5, 526.34, '2024-08-20', 53);
insert into "Sale" (id, quantity, "totalPrice", time, "vegetableId") values (501, 30, 755.57, '2024-12-01', 7);
insert into "Sale" (id, quantity, "totalPrice", time, "vegetableId") values (502, 11, 121.93, '2024-11-26', 23);
insert into "Sale" (id, quantity, "totalPrice", time, "vegetableId") values (503, 22, 189.71, '2025-01-17', 27);
insert into "Sale" (id, quantity, "totalPrice", time, "vegetableId") values (504, 5, 942.95, '2025-04-10', 40);
insert into "Sale" (id, quantity, "totalPrice", time, "vegetableId") values (505, 50, 613.94, '2025-03-08', 53);
insert into "Sale" (id, quantity, "totalPrice", time, "vegetableId") values (506, 11, 552.68, '2025-01-23', 56);
insert into "Sale" (id, quantity, "totalPrice", time, "vegetableId") values (507, 7, 335.54, '2025-04-16', 19);
insert into "Sale" (id, quantity, "totalPrice", time, "vegetableId") values (508, 3, 826.75, '2025-01-13', 47);
insert into "Sale" (id, quantity, "totalPrice", time, "vegetableId") values (509, 18, 104.93, '2025-04-05', 58);
insert into "Sale" (id, quantity, "totalPrice", time, "vegetableId") values (510, 15, 456.86, '2024-11-06', 47);
insert into "Sale" (id, quantity, "totalPrice", time, "vegetableId") values (511, 48, 737.81, '2024-08-11', 57);
insert into "Sale" (id, quantity, "totalPrice", time, "vegetableId") values (512, 34, 910.65, '2024-07-03', 49);
insert into "Sale" (id, quantity, "totalPrice", time, "vegetableId") values (513, 23, 596.05, '2024-07-14', 33);
insert into "Sale" (id, quantity, "totalPrice", time, "vegetableId") values (514, 46, 594.92, '2024-08-15', 23);
insert into "Sale" (id, quantity, "totalPrice", time, "vegetableId") values (515, 7, 747.55, '2024-08-01', 50);
insert into "Sale" (id, quantity, "totalPrice", time, "vegetableId") values (516, 4, 297.46, '2024-12-30', 21);
insert into "Sale" (id, quantity, "totalPrice", time, "vegetableId") values (517, 3, 123.57, '2025-01-02', 51);
insert into "Sale" (id, quantity, "totalPrice", time, "vegetableId") values (518, 31, 962.84, '2025-01-05', 6);
insert into "Sale" (id, quantity, "totalPrice", time, "vegetableId") values (519, 23, 454.04, '2024-06-28', 10);
insert into "Sale" (id, quantity, "totalPrice", time, "vegetableId") values (520, 34, 943.97, '2025-02-03', 28);
insert into "Sale" (id, quantity, "totalPrice", time, "vegetableId") values (521, 10, 958.73, '2025-03-23', 56);
insert into "Sale" (id, quantity, "totalPrice", time, "vegetableId") values (522, 28, 976.35, '2024-11-07', 27);
insert into "Sale" (id, quantity, "totalPrice", time, "vegetableId") values (523, 44, 216.06, '2025-02-01', 42);
insert into "Sale" (id, quantity, "totalPrice", time, "vegetableId") values (524, 13, 226.58, '2024-10-20', 50);
insert into "Sale" (id, quantity, "totalPrice", time, "vegetableId") values (525, 29, 376.97, '2024-09-02', 24);
insert into "Sale" (id, quantity, "totalPrice", time, "vegetableId") values (526, 11, 255.42, '2024-06-22', 58);
insert into "Sale" (id, quantity, "totalPrice", time, "vegetableId") values (527, 23, 627.08, '2025-02-22', 17);
insert into "Sale" (id, quantity, "totalPrice", time, "vegetableId") values (528, 7, 320.62, '2024-10-01', 36);
insert into "Sale" (id, quantity, "totalPrice", time, "vegetableId") values (529, 6, 493.05, '2024-11-15', 38);
insert into "Sale" (id, quantity, "totalPrice", time, "vegetableId") values (530, 50, 202.35, '2024-10-02', 41);
insert into "Sale" (id, quantity, "totalPrice", time, "vegetableId") values (531, 37, 727.26, '2024-12-09', 5);
insert into "Sale" (id, quantity, "totalPrice", time, "vegetableId") values (532, 3, 632.09, '2024-11-20', 41);
insert into "Sale" (id, quantity, "totalPrice", time, "vegetableId") values (533, 24, 710.32, '2025-03-28', 35);
insert into "Sale" (id, quantity, "totalPrice", time, "vegetableId") values (534, 23, 473.59, '2024-07-08', 9);
insert into "Sale" (id, quantity, "totalPrice", time, "vegetableId") values (535, 31, 320.94, '2024-12-22', 29);
insert into "Sale" (id, quantity, "totalPrice", time, "vegetableId") values (536, 39, 898.66, '2024-09-23', 47);
insert into "Sale" (id, quantity, "totalPrice", time, "vegetableId") values (537, 50, 185.32, '2024-07-18', 17);
insert into "Sale" (id, quantity, "totalPrice", time, "vegetableId") values (538, 17, 873.64, '2024-10-08', 38);
insert into "Sale" (id, quantity, "totalPrice", time, "vegetableId") values (539, 41, 907.6, '2024-12-21', 33);
insert into "Sale" (id, quantity, "totalPrice", time, "vegetableId") values (540, 32, 868.65, '2025-04-04', 60);
insert into "Sale" (id, quantity, "totalPrice", time, "vegetableId") values (541, 29, 594.92, '2024-10-21', 41);
insert into "Sale" (id, quantity, "totalPrice", time, "vegetableId") values (542, 50, 983.17, '2025-03-15', 52);
insert into "Sale" (id, quantity, "totalPrice", time, "vegetableId") values (543, 33, 183.62, '2024-10-26', 50);
insert into "Sale" (id, quantity, "totalPrice", time, "vegetableId") values (544, 16, 845.39, '2024-07-05', 22);
insert into "Sale" (id, quantity, "totalPrice", time, "vegetableId") values (545, 36, 331.4, '2024-11-15', 23);
insert into "Sale" (id, quantity, "totalPrice", time, "vegetableId") values (546, 25, 652.29, '2024-08-06', 43);
insert into "Sale" (id, quantity, "totalPrice", time, "vegetableId") values (547, 42, 131.89, '2024-09-16', 57);
insert into "Sale" (id, quantity, "totalPrice", time, "vegetableId") values (548, 29, 387.13, '2024-08-08', 45);
insert into "Sale" (id, quantity, "totalPrice", time, "vegetableId") values (549, 27, 419.93, '2025-03-13', 25);
insert into "Sale" (id, quantity, "totalPrice", time, "vegetableId") values (550, 30, 752.66, '2024-08-20', 23);
insert into "Sale" (id, quantity, "totalPrice", time, "vegetableId") values (551, 19, 964.82, '2025-03-13', 21);
insert into "Sale" (id, quantity, "totalPrice", time, "vegetableId") values (552, 25, 290.98, '2025-01-17', 34);
insert into "Sale" (id, quantity, "totalPrice", time, "vegetableId") values (553, 16, 507.07, '2024-09-04', 43);
insert into "Sale" (id, quantity, "totalPrice", time, "vegetableId") values (554, 26, 761.52, '2025-02-24', 33);
insert into "Sale" (id, quantity, "totalPrice", time, "vegetableId") values (555, 21, 165.16, '2024-08-18', 6);
insert into "Sale" (id, quantity, "totalPrice", time, "vegetableId") values (556, 47, 581.27, '2024-12-21', 22);
insert into "Sale" (id, quantity, "totalPrice", time, "vegetableId") values (557, 22, 561.98, '2025-02-11', 38);
insert into "Sale" (id, quantity, "totalPrice", time, "vegetableId") values (558, 16, 880.69, '2025-03-08', 50);
insert into "Sale" (id, quantity, "totalPrice", time, "vegetableId") values (559, 15, 103.75, '2024-12-09', 10);
insert into "Sale" (id, quantity, "totalPrice", time, "vegetableId") values (560, 12, 889.08, '2024-11-13', 21);
insert into "Sale" (id, quantity, "totalPrice", time, "vegetableId") values (561, 30, 785.13, '2024-12-13', 46);
insert into "Sale" (id, quantity, "totalPrice", time, "vegetableId") values (562, 31, 586.91, '2024-10-05', 25);
insert into "Sale" (id, quantity, "totalPrice", time, "vegetableId") values (563, 23, 624.44, '2025-03-26', 49);
insert into "Sale" (id, quantity, "totalPrice", time, "vegetableId") values (564, 33, 851.95, '2024-08-14', 25);
insert into "Sale" (id, quantity, "totalPrice", time, "vegetableId") values (565, 23, 335.1, '2025-01-04', 32);
insert into "Sale" (id, quantity, "totalPrice", time, "vegetableId") values (566, 1, 764.19, '2024-12-03', 40);
insert into "Sale" (id, quantity, "totalPrice", time, "vegetableId") values (567, 29, 731.98, '2024-10-27', 37);
insert into "Sale" (id, quantity, "totalPrice", time, "vegetableId") values (568, 36, 674.51, '2025-02-17', 11);
insert into "Sale" (id, quantity, "totalPrice", time, "vegetableId") values (569, 27, 637.77, '2024-12-30', 13);
insert into "Sale" (id, quantity, "totalPrice", time, "vegetableId") values (570, 36, 203.72, '2024-11-02', 60);
insert into "Sale" (id, quantity, "totalPrice", time, "vegetableId") values (571, 11, 290.16, '2024-06-22', 37);
insert into "Sale" (id, quantity, "totalPrice", time, "vegetableId") values (572, 39, 893.8, '2024-08-02', 38);
insert into "Sale" (id, quantity, "totalPrice", time, "vegetableId") values (573, 5, 986.16, '2024-06-24', 35);
insert into "Sale" (id, quantity, "totalPrice", time, "vegetableId") values (574, 21, 664.21, '2024-09-26', 47);
insert into "Sale" (id, quantity, "totalPrice", time, "vegetableId") values (575, 28, 749.97, '2024-11-27', 57);
insert into "Sale" (id, quantity, "totalPrice", time, "vegetableId") values (576, 27, 213.56, '2025-01-23', 1);
insert into "Sale" (id, quantity, "totalPrice", time, "vegetableId") values (577, 26, 935.18, '2024-12-30', 44);
insert into "Sale" (id, quantity, "totalPrice", time, "vegetableId") values (578, 43, 325.33, '2024-09-27', 15);
insert into "Sale" (id, quantity, "totalPrice", time, "vegetableId") values (579, 7, 261.13, '2024-09-21', 7);
insert into "Sale" (id, quantity, "totalPrice", time, "vegetableId") values (580, 14, 880.24, '2024-07-21', 9);
insert into "Sale" (id, quantity, "totalPrice", time, "vegetableId") values (581, 36, 657.84, '2024-12-07', 12);
insert into "Sale" (id, quantity, "totalPrice", time, "vegetableId") values (582, 16, 593.97, '2024-12-08', 50);
insert into "Sale" (id, quantity, "totalPrice", time, "vegetableId") values (583, 29, 795.13, '2025-04-09', 15);
insert into "Sale" (id, quantity, "totalPrice", time, "vegetableId") values (584, 9, 852.3, '2024-10-31', 37);
insert into "Sale" (id, quantity, "totalPrice", time, "vegetableId") values (585, 3, 784.4, '2025-02-20', 56);
insert into "Sale" (id, quantity, "totalPrice", time, "vegetableId") values (586, 24, 107.58, '2024-12-12', 53);
insert into "Sale" (id, quantity, "totalPrice", time, "vegetableId") values (587, 44, 339.4, '2025-01-08', 51);
insert into "Sale" (id, quantity, "totalPrice", time, "vegetableId") values (588, 49, 446.13, '2025-02-03', 46);
insert into "Sale" (id, quantity, "totalPrice", time, "vegetableId") values (589, 16, 275.93, '2024-11-17', 26);
insert into "Sale" (id, quantity, "totalPrice", time, "vegetableId") values (590, 17, 779.86, '2025-01-21', 34);
insert into "Sale" (id, quantity, "totalPrice", time, "vegetableId") values (591, 5, 703.05, '2025-02-27', 26);
insert into "Sale" (id, quantity, "totalPrice", time, "vegetableId") values (592, 31, 822.67, '2024-11-02', 40);
insert into "Sale" (id, quantity, "totalPrice", time, "vegetableId") values (593, 3, 839.28, '2024-07-02', 51);
insert into "Sale" (id, quantity, "totalPrice", time, "vegetableId") values (594, 36, 256.79, '2025-03-29', 31);
insert into "Sale" (id, quantity, "totalPrice", time, "vegetableId") values (595, 30, 732.33, '2024-11-07', 1);
insert into "Sale" (id, quantity, "totalPrice", time, "vegetableId") values (596, 36, 900.43, '2025-04-11', 42);
insert into "Sale" (id, quantity, "totalPrice", time, "vegetableId") values (597, 1, 653.06, '2024-11-06', 5);
insert into "Sale" (id, quantity, "totalPrice", time, "vegetableId") values (598, 13, 780.19, '2025-03-05', 2);
insert into "Sale" (id, quantity, "totalPrice", time, "vegetableId") values (599, 16, 206.72, '2025-04-08', 4);
insert into "Sale" (id, quantity, "totalPrice", time, "vegetableId") values (600, 28, 367.81, '2024-11-26', 24);
insert into "Sale" (id, quantity, "totalPrice", time, "vegetableId") values (601, 21, 823.09, '2024-12-28', 6);
insert into "Sale" (id, quantity, "totalPrice", time, "vegetableId") values (602, 16, 837.69, '2024-09-07', 6);
insert into "Sale" (id, quantity, "totalPrice", time, "vegetableId") values (603, 33, 734.22, '2024-11-06', 26);
insert into "Sale" (id, quantity, "totalPrice", time, "vegetableId") values (604, 20, 946.02, '2024-07-28', 49);
insert into "Sale" (id, quantity, "totalPrice", time, "vegetableId") values (605, 6, 273.43, '2025-02-06', 37);
insert into "Sale" (id, quantity, "totalPrice", time, "vegetableId") values (606, 22, 481.29, '2025-01-10', 22);
insert into "Sale" (id, quantity, "totalPrice", time, "vegetableId") values (607, 40, 658.5, '2024-11-05', 3);
insert into "Sale" (id, quantity, "totalPrice", time, "vegetableId") values (608, 46, 738.28, '2024-10-10', 51);
insert into "Sale" (id, quantity, "totalPrice", time, "vegetableId") values (609, 30, 897.44, '2025-03-21', 11);
insert into "Sale" (id, quantity, "totalPrice", time, "vegetableId") values (610, 8, 972.67, '2024-08-16', 19);
insert into "Sale" (id, quantity, "totalPrice", time, "vegetableId") values (611, 27, 884.42, '2025-04-19', 31);
insert into "Sale" (id, quantity, "totalPrice", time, "vegetableId") values (612, 48, 575.92, '2024-09-21', 29);
insert into "Sale" (id, quantity, "totalPrice", time, "vegetableId") values (613, 47, 576.6, '2025-03-16', 44);
insert into "Sale" (id, quantity, "totalPrice", time, "vegetableId") values (614, 37, 759.38, '2025-01-20', 57);
insert into "Sale" (id, quantity, "totalPrice", time, "vegetableId") values (615, 18, 228.03, '2024-09-08', 52);
insert into "Sale" (id, quantity, "totalPrice", time, "vegetableId") values (616, 34, 129.74, '2025-02-26', 3);
insert into "Sale" (id, quantity, "totalPrice", time, "vegetableId") values (617, 36, 138.22, '2024-11-29', 56);
insert into "Sale" (id, quantity, "totalPrice", time, "vegetableId") values (618, 2, 727.17, '2025-03-23', 18);
insert into "Sale" (id, quantity, "totalPrice", time, "vegetableId") values (619, 15, 917.54, '2024-07-08', 7);
insert into "Sale" (id, quantity, "totalPrice", time, "vegetableId") values (620, 20, 823.46, '2024-07-18', 31);
insert into "Sale" (id, quantity, "totalPrice", time, "vegetableId") values (621, 8, 950.79, '2024-11-09', 18);
insert into "Sale" (id, quantity, "totalPrice", time, "vegetableId") values (622, 45, 531.67, '2024-06-26', 10);
insert into "Sale" (id, quantity, "totalPrice", time, "vegetableId") values (623, 42, 458.24, '2024-12-01', 53);
insert into "Sale" (id, quantity, "totalPrice", time, "vegetableId") values (624, 30, 335.98, '2024-11-26', 34);
insert into "Sale" (id, quantity, "totalPrice", time, "vegetableId") values (625, 48, 710.37, '2024-09-30', 20);
insert into "Sale" (id, quantity, "totalPrice", time, "vegetableId") values (626, 19, 778.73, '2025-01-02', 1);
insert into "Sale" (id, quantity, "totalPrice", time, "vegetableId") values (627, 48, 371.88, '2025-03-31', 29);
insert into "Sale" (id, quantity, "totalPrice", time, "vegetableId") values (628, 47, 817.88, '2024-07-19', 55);
insert into "Sale" (id, quantity, "totalPrice", time, "vegetableId") values (629, 43, 520.08, '2024-09-02', 14);
insert into "Sale" (id, quantity, "totalPrice", time, "vegetableId") values (630, 7, 736.35, '2024-09-25', 39);
insert into "Sale" (id, quantity, "totalPrice", time, "vegetableId") values (631, 10, 978.65, '2024-11-05', 32);
insert into "Sale" (id, quantity, "totalPrice", time, "vegetableId") values (632, 50, 245.01, '2024-10-07', 40);
insert into "Sale" (id, quantity, "totalPrice", time, "vegetableId") values (633, 42, 379.88, '2024-10-09', 51);
insert into "Sale" (id, quantity, "totalPrice", time, "vegetableId") values (634, 6, 207.9, '2025-02-12', 4);
insert into "Sale" (id, quantity, "totalPrice", time, "vegetableId") values (635, 43, 471.18, '2024-12-27', 22);
insert into "Sale" (id, quantity, "totalPrice", time, "vegetableId") values (636, 32, 634.78, '2025-03-20', 8);
insert into "Sale" (id, quantity, "totalPrice", time, "vegetableId") values (637, 36, 975.92, '2025-04-06', 21);
insert into "Sale" (id, quantity, "totalPrice", time, "vegetableId") values (638, 47, 681.71, '2024-12-31', 18);
insert into "Sale" (id, quantity, "totalPrice", time, "vegetableId") values (639, 25, 276.35, '2024-10-04', 27);
insert into "Sale" (id, quantity, "totalPrice", time, "vegetableId") values (640, 9, 516.54, '2025-01-09', 37);
insert into "Sale" (id, quantity, "totalPrice", time, "vegetableId") values (641, 19, 692.84, '2024-09-08', 42);
insert into "Sale" (id, quantity, "totalPrice", time, "vegetableId") values (642, 23, 449.57, '2024-12-26', 23);
insert into "Sale" (id, quantity, "totalPrice", time, "vegetableId") values (643, 3, 688.7, '2024-11-27', 28);
insert into "Sale" (id, quantity, "totalPrice", time, "vegetableId") values (644, 23, 496.68, '2024-08-23', 2);
insert into "Sale" (id, quantity, "totalPrice", time, "vegetableId") values (645, 32, 149.42, '2024-10-21', 31);
insert into "Sale" (id, quantity, "totalPrice", time, "vegetableId") values (646, 18, 236.54, '2024-07-31', 52);
insert into "Sale" (id, quantity, "totalPrice", time, "vegetableId") values (647, 20, 853.65, '2025-04-17', 25);
insert into "Sale" (id, quantity, "totalPrice", time, "vegetableId") values (648, 32, 569.65, '2024-08-08', 60);
insert into "Sale" (id, quantity, "totalPrice", time, "vegetableId") values (649, 37, 896.15, '2024-10-08', 21);
insert into "Sale" (id, quantity, "totalPrice", time, "vegetableId") values (650, 43, 256.53, '2024-11-29', 36);
insert into "Sale" (id, quantity, "totalPrice", time, "vegetableId") values (651, 33, 952.62, '2024-07-11', 35);
insert into "Sale" (id, quantity, "totalPrice", time, "vegetableId") values (652, 15, 399.11, '2024-08-31', 9);
insert into "Sale" (id, quantity, "totalPrice", time, "vegetableId") values (653, 17, 330.06, '2024-07-02', 35);
insert into "Sale" (id, quantity, "totalPrice", time, "vegetableId") values (654, 39, 858.37, '2025-03-19', 1);
insert into "Sale" (id, quantity, "totalPrice", time, "vegetableId") values (655, 33, 221.67, '2025-01-30', 27);
insert into "Sale" (id, quantity, "totalPrice", time, "vegetableId") values (656, 5, 441.4, '2025-04-23', 48);
insert into "Sale" (id, quantity, "totalPrice", time, "vegetableId") values (657, 46, 564.08, '2024-06-28', 33);
insert into "Sale" (id, quantity, "totalPrice", time, "vegetableId") values (658, 14, 172.41, '2024-10-02', 42);
insert into "Sale" (id, quantity, "totalPrice", time, "vegetableId") values (659, 33, 998.29, '2024-07-22', 44);
insert into "Sale" (id, quantity, "totalPrice", time, "vegetableId") values (660, 33, 795.31, '2024-06-19', 13);
insert into "Sale" (id, quantity, "totalPrice", time, "vegetableId") values (661, 30, 485.78, '2024-10-17', 5);
insert into "Sale" (id, quantity, "totalPrice", time, "vegetableId") values (662, 9, 911.07, '2024-11-08', 50);
insert into "Sale" (id, quantity, "totalPrice", time, "vegetableId") values (663, 20, 835.48, '2024-09-05', 18);
insert into "Sale" (id, quantity, "totalPrice", time, "vegetableId") values (664, 37, 772.77, '2024-07-08', 19);
insert into "Sale" (id, quantity, "totalPrice", time, "vegetableId") values (665, 50, 808.09, '2025-01-04', 58);
insert into "Sale" (id, quantity, "totalPrice", time, "vegetableId") values (666, 44, 721.39, '2024-10-23', 59);
insert into "Sale" (id, quantity, "totalPrice", time, "vegetableId") values (667, 15, 863.24, '2024-11-22', 51);
insert into "Sale" (id, quantity, "totalPrice", time, "vegetableId") values (668, 50, 820.49, '2024-08-02', 39);
insert into "Sale" (id, quantity, "totalPrice", time, "vegetableId") values (669, 28, 769.38, '2024-12-02', 8);
insert into "Sale" (id, quantity, "totalPrice", time, "vegetableId") values (670, 15, 573.8, '2024-10-21', 28);
insert into "Sale" (id, quantity, "totalPrice", time, "vegetableId") values (671, 7, 407.71, '2025-02-14', 2);
insert into "Sale" (id, quantity, "totalPrice", time, "vegetableId") values (672, 41, 756.54, '2024-08-25', 43);
insert into "Sale" (id, quantity, "totalPrice", time, "vegetableId") values (673, 5, 725.13, '2024-12-21', 12);
insert into "Sale" (id, quantity, "totalPrice", time, "vegetableId") values (674, 42, 714.15, '2025-01-07', 3);
insert into "Sale" (id, quantity, "totalPrice", time, "vegetableId") values (675, 3, 248.22, '2024-09-12', 48);
insert into "Sale" (id, quantity, "totalPrice", time, "vegetableId") values (676, 9, 446.96, '2025-01-12', 46);
insert into "Sale" (id, quantity, "totalPrice", time, "vegetableId") values (677, 2, 215.87, '2024-11-27', 30);
insert into "Sale" (id, quantity, "totalPrice", time, "vegetableId") values (678, 1, 863.95, '2025-01-22', 29);
insert into "Sale" (id, quantity, "totalPrice", time, "vegetableId") values (679, 11, 337.04, '2025-02-13', 17);
insert into "Sale" (id, quantity, "totalPrice", time, "vegetableId") values (680, 11, 942.48, '2024-08-26', 3);
insert into "Sale" (id, quantity, "totalPrice", time, "vegetableId") values (681, 24, 359.05, '2025-03-05', 43);
insert into "Sale" (id, quantity, "totalPrice", time, "vegetableId") values (682, 8, 538.3, '2025-02-04', 57);
insert into "Sale" (id, quantity, "totalPrice", time, "vegetableId") values (683, 20, 138.82, '2024-11-21', 16);
insert into "Sale" (id, quantity, "totalPrice", time, "vegetableId") values (684, 7, 690.96, '2024-08-23', 48);
insert into "Sale" (id, quantity, "totalPrice", time, "vegetableId") values (685, 33, 190.66, '2025-04-22', 31);
insert into "Sale" (id, quantity, "totalPrice", time, "vegetableId") values (686, 37, 612.21, '2025-02-08', 14);
insert into "Sale" (id, quantity, "totalPrice", time, "vegetableId") values (687, 39, 624.25, '2025-03-19', 5);
insert into "Sale" (id, quantity, "totalPrice", time, "vegetableId") values (688, 40, 172.36, '2024-11-22', 24);
insert into "Sale" (id, quantity, "totalPrice", time, "vegetableId") values (689, 30, 966.13, '2024-07-22', 30);
insert into "Sale" (id, quantity, "totalPrice", time, "vegetableId") values (690, 7, 358.35, '2024-10-17', 48);
insert into "Sale" (id, quantity, "totalPrice", time, "vegetableId") values (691, 39, 283.63, '2024-11-14', 45);
insert into "Sale" (id, quantity, "totalPrice", time, "vegetableId") values (692, 43, 544.91, '2024-12-13', 31);
insert into "Sale" (id, quantity, "totalPrice", time, "vegetableId") values (693, 28, 135.41, '2024-08-30', 7);
insert into "Sale" (id, quantity, "totalPrice", time, "vegetableId") values (694, 16, 619.56, '2025-02-21', 27);
insert into "Sale" (id, quantity, "totalPrice", time, "vegetableId") values (695, 8, 190.92, '2024-07-27', 5);
insert into "Sale" (id, quantity, "totalPrice", time, "vegetableId") values (696, 7, 274.2, '2025-03-23', 35);
insert into "Sale" (id, quantity, "totalPrice", time, "vegetableId") values (697, 33, 959.07, '2024-12-17', 19);
insert into "Sale" (id, quantity, "totalPrice", time, "vegetableId") values (698, 14, 172.02, '2024-10-23', 26);
insert into "Sale" (id, quantity, "totalPrice", time, "vegetableId") values (699, 42, 238.37, '2024-07-14', 34);
insert into "Sale" (id, quantity, "totalPrice", time, "vegetableId") values (700, 20, 471.16, '2024-09-28', 60);
insert into "Sale" (id, quantity, "totalPrice", time, "vegetableId") values (701, 41, 210.34, '2024-06-25', 34);
insert into "Sale" (id, quantity, "totalPrice", time, "vegetableId") values (702, 3, 308.31, '2024-12-25', 11);
insert into "Sale" (id, quantity, "totalPrice", time, "vegetableId") values (703, 6, 401.41, '2024-07-20', 56);
insert into "Sale" (id, quantity, "totalPrice", time, "vegetableId") values (704, 11, 919.72, '2024-07-03', 37);
insert into "Sale" (id, quantity, "totalPrice", time, "vegetableId") values (705, 40, 885.49, '2025-02-01', 2);
insert into "Sale" (id, quantity, "totalPrice", time, "vegetableId") values (706, 30, 847.04, '2024-07-03', 49);
insert into "Sale" (id, quantity, "totalPrice", time, "vegetableId") values (707, 39, 619.07, '2024-06-23', 22);
insert into "Sale" (id, quantity, "totalPrice", time, "vegetableId") values (708, 25, 286.24, '2024-11-10', 12);
insert into "Sale" (id, quantity, "totalPrice", time, "vegetableId") values (709, 24, 572.53, '2024-08-09', 41);
insert into "Sale" (id, quantity, "totalPrice", time, "vegetableId") values (710, 40, 581.03, '2024-09-27', 9);
insert into "Sale" (id, quantity, "totalPrice", time, "vegetableId") values (711, 14, 285.16, '2024-11-04', 1);
insert into "Sale" (id, quantity, "totalPrice", time, "vegetableId") values (712, 37, 355.57, '2024-12-04', 27);
insert into "Sale" (id, quantity, "totalPrice", time, "vegetableId") values (713, 23, 258.76, '2024-10-01', 11);
insert into "Sale" (id, quantity, "totalPrice", time, "vegetableId") values (714, 32, 838.56, '2025-03-14', 36);
insert into "Sale" (id, quantity, "totalPrice", time, "vegetableId") values (715, 15, 364.34, '2024-06-19', 39);
insert into "Sale" (id, quantity, "totalPrice", time, "vegetableId") values (716, 48, 192.61, '2024-12-18', 46);
insert into "Sale" (id, quantity, "totalPrice", time, "vegetableId") values (717, 15, 783.06, '2024-10-20', 17);
insert into "Sale" (id, quantity, "totalPrice", time, "vegetableId") values (718, 19, 930.97, '2024-09-28', 56);
insert into "Sale" (id, quantity, "totalPrice", time, "vegetableId") values (719, 22, 474.07, '2025-02-27', 32);
insert into "Sale" (id, quantity, "totalPrice", time, "vegetableId") values (720, 1, 130.21, '2024-09-09', 28);
insert into "Sale" (id, quantity, "totalPrice", time, "vegetableId") values (721, 29, 378.38, '2024-11-19', 20);
insert into "Sale" (id, quantity, "totalPrice", time, "vegetableId") values (722, 32, 526.93, '2025-01-17', 26);
insert into "Sale" (id, quantity, "totalPrice", time, "vegetableId") values (723, 50, 732.12, '2024-10-12', 1);
insert into "Sale" (id, quantity, "totalPrice", time, "vegetableId") values (724, 41, 364.98, '2024-08-03', 19);
insert into "Sale" (id, quantity, "totalPrice", time, "vegetableId") values (725, 13, 212.9, '2024-12-10', 49);
insert into "Sale" (id, quantity, "totalPrice", time, "vegetableId") values (726, 15, 552.41, '2024-11-10', 14);
insert into "Sale" (id, quantity, "totalPrice", time, "vegetableId") values (727, 22, 141.04, '2024-08-30', 39);
insert into "Sale" (id, quantity, "totalPrice", time, "vegetableId") values (728, 40, 288.43, '2024-08-15', 2);
insert into "Sale" (id, quantity, "totalPrice", time, "vegetableId") values (729, 14, 472.55, '2024-09-19', 1);
insert into "Sale" (id, quantity, "totalPrice", time, "vegetableId") values (730, 9, 855.71, '2025-02-15', 45);
insert into "Sale" (id, quantity, "totalPrice", time, "vegetableId") values (731, 12, 487.39, '2024-08-25', 23);
insert into "Sale" (id, quantity, "totalPrice", time, "vegetableId") values (732, 1, 296.8, '2025-01-21', 4);
insert into "Sale" (id, quantity, "totalPrice", time, "vegetableId") values (733, 26, 362.84, '2024-11-25', 54);
insert into "Sale" (id, quantity, "totalPrice", time, "vegetableId") values (734, 37, 949.44, '2024-12-13', 3);
insert into "Sale" (id, quantity, "totalPrice", time, "vegetableId") values (735, 38, 189.8, '2024-07-14', 25);
insert into "Sale" (id, quantity, "totalPrice", time, "vegetableId") values (736, 25, 118.49, '2025-02-12', 34);
insert into "Sale" (id, quantity, "totalPrice", time, "vegetableId") values (737, 44, 416.43, '2024-11-14', 7);
insert into "Sale" (id, quantity, "totalPrice", time, "vegetableId") values (738, 36, 326.27, '2025-04-17', 37);
insert into "Sale" (id, quantity, "totalPrice", time, "vegetableId") values (739, 18, 762.68, '2024-08-28', 7);
insert into "Sale" (id, quantity, "totalPrice", time, "vegetableId") values (740, 9, 970.2, '2025-01-09', 50);
insert into "Sale" (id, quantity, "totalPrice", time, "vegetableId") values (741, 47, 278.05, '2024-06-20', 33);
insert into "Sale" (id, quantity, "totalPrice", time, "vegetableId") values (742, 16, 877.67, '2025-02-20', 34);
insert into "Sale" (id, quantity, "totalPrice", time, "vegetableId") values (743, 38, 649.92, '2024-06-21', 60);
insert into "Sale" (id, quantity, "totalPrice", time, "vegetableId") values (744, 21, 300.05, '2025-01-29', 21);
insert into "Sale" (id, quantity, "totalPrice", time, "vegetableId") values (745, 47, 116.63, '2025-02-22', 53);
insert into "Sale" (id, quantity, "totalPrice", time, "vegetableId") values (746, 41, 519.95, '2024-10-10', 19);
insert into "Sale" (id, quantity, "totalPrice", time, "vegetableId") values (747, 14, 698.54, '2025-03-27', 20);
insert into "Sale" (id, quantity, "totalPrice", time, "vegetableId") values (748, 45, 299.62, '2024-10-20', 37);
insert into "Sale" (id, quantity, "totalPrice", time, "vegetableId") values (749, 13, 242.04, '2024-08-19', 15);
insert into "Sale" (id, quantity, "totalPrice", time, "vegetableId") values (750, 16, 430.9, '2024-12-23', 29);
insert into "Sale" (id, quantity, "totalPrice", time, "vegetableId") values (751, 10, 288.79, '2024-10-09', 56);
insert into "Sale" (id, quantity, "totalPrice", time, "vegetableId") values (752, 13, 352.25, '2025-02-09', 43);
insert into "Sale" (id, quantity, "totalPrice", time, "vegetableId") values (753, 25, 345.28, '2024-12-01', 44);
insert into "Sale" (id, quantity, "totalPrice", time, "vegetableId") values (754, 27, 453.44, '2024-10-26', 35);
insert into "Sale" (id, quantity, "totalPrice", time, "vegetableId") values (755, 6, 222.68, '2024-11-20', 24);
insert into "Sale" (id, quantity, "totalPrice", time, "vegetableId") values (756, 39, 305.12, '2025-04-02', 59);
insert into "Sale" (id, quantity, "totalPrice", time, "vegetableId") values (757, 33, 491.85, '2025-03-17', 44);
insert into "Sale" (id, quantity, "totalPrice", time, "vegetableId") values (758, 10, 597.02, '2025-01-08', 18);
insert into "Sale" (id, quantity, "totalPrice", time, "vegetableId") values (759, 47, 204.55, '2024-09-29', 19);
insert into "Sale" (id, quantity, "totalPrice", time, "vegetableId") values (760, 49, 625.18, '2025-01-05', 60);
insert into "Sale" (id, quantity, "totalPrice", time, "vegetableId") values (761, 2, 542.52, '2025-02-26', 16);
insert into "Sale" (id, quantity, "totalPrice", time, "vegetableId") values (762, 47, 626.1, '2024-12-11', 44);
insert into "Sale" (id, quantity, "totalPrice", time, "vegetableId") values (763, 10, 396.15, '2025-04-13', 30);
insert into "Sale" (id, quantity, "totalPrice", time, "vegetableId") values (764, 49, 130.76, '2024-10-20', 43);
insert into "Sale" (id, quantity, "totalPrice", time, "vegetableId") values (765, 46, 728.11, '2024-12-20', 39);
insert into "Sale" (id, quantity, "totalPrice", time, "vegetableId") values (766, 32, 188.35, '2025-04-21', 45);
insert into "Sale" (id, quantity, "totalPrice", time, "vegetableId") values (767, 3, 355.51, '2024-09-28', 19);
insert into "Sale" (id, quantity, "totalPrice", time, "vegetableId") values (768, 34, 624.2, '2024-11-03', 26);
insert into "Sale" (id, quantity, "totalPrice", time, "vegetableId") values (769, 49, 431.34, '2024-09-19', 41);
insert into "Sale" (id, quantity, "totalPrice", time, "vegetableId") values (770, 40, 671.7, '2024-12-13', 22);
insert into "Sale" (id, quantity, "totalPrice", time, "vegetableId") values (771, 30, 103.66, '2025-01-10', 12);
insert into "Sale" (id, quantity, "totalPrice", time, "vegetableId") values (772, 9, 438.97, '2024-07-02', 3);
insert into "Sale" (id, quantity, "totalPrice", time, "vegetableId") values (773, 10, 678.44, '2025-04-02', 11);
insert into "Sale" (id, quantity, "totalPrice", time, "vegetableId") values (774, 40, 963.46, '2024-07-23', 19);
insert into "Sale" (id, quantity, "totalPrice", time, "vegetableId") values (775, 36, 911.78, '2025-01-11', 37);
insert into "Sale" (id, quantity, "totalPrice", time, "vegetableId") values (776, 24, 704.88, '2024-11-09', 8);
insert into "Sale" (id, quantity, "totalPrice", time, "vegetableId") values (777, 2, 148.33, '2024-08-24', 44);
insert into "Sale" (id, quantity, "totalPrice", time, "vegetableId") values (778, 37, 259.04, '2025-01-10', 6);
insert into "Sale" (id, quantity, "totalPrice", time, "vegetableId") values (779, 44, 902.72, '2024-09-02', 59);
insert into "Sale" (id, quantity, "totalPrice", time, "vegetableId") values (780, 19, 772.63, '2024-08-23', 32);
insert into "Sale" (id, quantity, "totalPrice", time, "vegetableId") values (781, 23, 889.95, '2024-09-14', 20);
insert into "Sale" (id, quantity, "totalPrice", time, "vegetableId") values (782, 9, 718.32, '2024-08-20', 9);
insert into "Sale" (id, quantity, "totalPrice", time, "vegetableId") values (783, 3, 515.61, '2024-07-21', 54);
insert into "Sale" (id, quantity, "totalPrice", time, "vegetableId") values (784, 26, 407.85, '2024-12-20', 31);
insert into "Sale" (id, quantity, "totalPrice", time, "vegetableId") values (785, 26, 742.74, '2024-11-02', 2);
insert into "Sale" (id, quantity, "totalPrice", time, "vegetableId") values (786, 28, 487.59, '2024-12-26', 53);
insert into "Sale" (id, quantity, "totalPrice", time, "vegetableId") values (787, 1, 923.54, '2024-10-30', 11);
insert into "Sale" (id, quantity, "totalPrice", time, "vegetableId") values (788, 23, 367.63, '2024-08-28', 33);
insert into "Sale" (id, quantity, "totalPrice", time, "vegetableId") values (789, 40, 803.46, '2024-09-10', 54);
insert into "Sale" (id, quantity, "totalPrice", time, "vegetableId") values (790, 23, 263.68, '2024-08-03', 41);
insert into "Sale" (id, quantity, "totalPrice", time, "vegetableId") values (791, 42, 132.47, '2024-07-09', 36);
insert into "Sale" (id, quantity, "totalPrice", time, "vegetableId") values (792, 2, 655.33, '2025-01-23', 17);
insert into "Sale" (id, quantity, "totalPrice", time, "vegetableId") values (793, 38, 505.1, '2024-10-13', 46);
insert into "Sale" (id, quantity, "totalPrice", time, "vegetableId") values (794, 18, 279.51, '2024-11-15', 51);
insert into "Sale" (id, quantity, "totalPrice", time, "vegetableId") values (795, 5, 561.16, '2024-07-16', 29);
insert into "Sale" (id, quantity, "totalPrice", time, "vegetableId") values (796, 34, 909.29, '2025-01-29', 29);
insert into "Sale" (id, quantity, "totalPrice", time, "vegetableId") values (797, 46, 944.59, '2024-10-26', 59);
insert into "Sale" (id, quantity, "totalPrice", time, "vegetableId") values (798, 40, 979.57, '2024-12-04', 30);
insert into "Sale" (id, quantity, "totalPrice", time, "vegetableId") values (799, 34, 948.75, '2025-04-19', 56);
insert into "Sale" (id, quantity, "totalPrice", time, "vegetableId") values (800, 2, 566.95, '2024-09-23', 44);
insert into "Sale" (id, quantity, "totalPrice", time, "vegetableId") values (801, 21, 437.72, '2024-07-31', 1);
insert into "Sale" (id, quantity, "totalPrice", time, "vegetableId") values (802, 16, 297.87, '2025-04-03', 58);
insert into "Sale" (id, quantity, "totalPrice", time, "vegetableId") values (803, 46, 727.52, '2024-09-28', 24);
insert into "Sale" (id, quantity, "totalPrice", time, "vegetableId") values (804, 3, 324.86, '2024-08-25', 15);
insert into "Sale" (id, quantity, "totalPrice", time, "vegetableId") values (805, 50, 382.88, '2024-07-27', 28);
insert into "Sale" (id, quantity, "totalPrice", time, "vegetableId") values (806, 26, 269.41, '2025-03-12', 58);
insert into "Sale" (id, quantity, "totalPrice", time, "vegetableId") values (807, 14, 789.12, '2025-03-16', 51);
insert into "Sale" (id, quantity, "totalPrice", time, "vegetableId") values (808, 20, 117.09, '2024-12-26', 1);
insert into "Sale" (id, quantity, "totalPrice", time, "vegetableId") values (809, 6, 234.03, '2025-03-10', 34);
insert into "Sale" (id, quantity, "totalPrice", time, "vegetableId") values (810, 36, 611.88, '2024-09-05', 17);
insert into "Sale" (id, quantity, "totalPrice", time, "vegetableId") values (811, 25, 815.74, '2024-10-17', 12);
insert into "Sale" (id, quantity, "totalPrice", time, "vegetableId") values (812, 7, 360.48, '2025-04-13', 8);
insert into "Sale" (id, quantity, "totalPrice", time, "vegetableId") values (813, 46, 917.81, '2025-02-06', 16);
insert into "Sale" (id, quantity, "totalPrice", time, "vegetableId") values (814, 20, 522.86, '2025-01-14', 32);
insert into "Sale" (id, quantity, "totalPrice", time, "vegetableId") values (815, 1, 713.1, '2025-02-18', 49);
insert into "Sale" (id, quantity, "totalPrice", time, "vegetableId") values (816, 1, 132.79, '2024-09-05', 8);
insert into "Sale" (id, quantity, "totalPrice", time, "vegetableId") values (817, 14, 972.48, '2024-07-13', 5);
insert into "Sale" (id, quantity, "totalPrice", time, "vegetableId") values (818, 35, 847.87, '2024-10-03', 53);
insert into "Sale" (id, quantity, "totalPrice", time, "vegetableId") values (819, 17, 699.26, '2024-07-24', 29);
insert into "Sale" (id, quantity, "totalPrice", time, "vegetableId") values (820, 2, 356.56, '2024-08-21', 42);
insert into "Sale" (id, quantity, "totalPrice", time, "vegetableId") values (821, 16, 145.81, '2024-07-27', 54);
insert into "Sale" (id, quantity, "totalPrice", time, "vegetableId") values (822, 38, 475.17, '2024-11-15', 33);
insert into "Sale" (id, quantity, "totalPrice", time, "vegetableId") values (823, 38, 982.43, '2024-10-02', 37);
insert into "Sale" (id, quantity, "totalPrice", time, "vegetableId") values (824, 10, 968.66, '2024-10-12', 11);
insert into "Sale" (id, quantity, "totalPrice", time, "vegetableId") values (825, 23, 349.52, '2024-11-13', 27);
insert into "Sale" (id, quantity, "totalPrice", time, "vegetableId") values (826, 17, 304.7, '2024-09-02', 32);
insert into "Sale" (id, quantity, "totalPrice", time, "vegetableId") values (827, 10, 384.78, '2024-08-24', 45);
insert into "Sale" (id, quantity, "totalPrice", time, "vegetableId") values (828, 12, 427.52, '2025-02-13', 6);
insert into "Sale" (id, quantity, "totalPrice", time, "vegetableId") values (829, 44, 404.86, '2025-01-19', 55);
insert into "Sale" (id, quantity, "totalPrice", time, "vegetableId") values (830, 50, 823.17, '2025-02-01', 60);
insert into "Sale" (id, quantity, "totalPrice", time, "vegetableId") values (831, 9, 738.1, '2025-03-25', 48);
insert into "Sale" (id, quantity, "totalPrice", time, "vegetableId") values (832, 38, 934.72, '2025-04-20', 52);
insert into "Sale" (id, quantity, "totalPrice", time, "vegetableId") values (833, 16, 974.59, '2024-06-26', 7);
insert into "Sale" (id, quantity, "totalPrice", time, "vegetableId") values (834, 39, 771.06, '2024-09-15', 5);
insert into "Sale" (id, quantity, "totalPrice", time, "vegetableId") values (835, 33, 675.7, '2024-10-01', 44);
insert into "Sale" (id, quantity, "totalPrice", time, "vegetableId") values (836, 40, 650.9, '2024-12-02', 21);
insert into "Sale" (id, quantity, "totalPrice", time, "vegetableId") values (837, 26, 235.23, '2024-12-13', 8);
insert into "Sale" (id, quantity, "totalPrice", time, "vegetableId") values (838, 13, 143.76, '2024-07-09', 13);
insert into "Sale" (id, quantity, "totalPrice", time, "vegetableId") values (839, 10, 341.52, '2025-02-17', 33);
insert into "Sale" (id, quantity, "totalPrice", time, "vegetableId") values (840, 15, 331.24, '2024-07-24', 7);
insert into "Sale" (id, quantity, "totalPrice", time, "vegetableId") values (841, 1, 791.93, '2025-04-19', 20);
insert into "Sale" (id, quantity, "totalPrice", time, "vegetableId") values (842, 13, 458.8, '2024-08-13', 17);
insert into "Sale" (id, quantity, "totalPrice", time, "vegetableId") values (843, 45, 354.2, '2024-11-09', 12);
insert into "Sale" (id, quantity, "totalPrice", time, "vegetableId") values (844, 22, 435.92, '2024-09-23', 57);
insert into "Sale" (id, quantity, "totalPrice", time, "vegetableId") values (845, 21, 328.27, '2025-01-10', 30);
insert into "Sale" (id, quantity, "totalPrice", time, "vegetableId") values (846, 30, 326.27, '2025-04-15', 51);
insert into "Sale" (id, quantity, "totalPrice", time, "vegetableId") values (847, 20, 850.48, '2024-09-07', 5);
insert into "Sale" (id, quantity, "totalPrice", time, "vegetableId") values (848, 34, 559.7, '2025-04-01', 16);
insert into "Sale" (id, quantity, "totalPrice", time, "vegetableId") values (849, 47, 651.37, '2024-10-06', 9);
insert into "Sale" (id, quantity, "totalPrice", time, "vegetableId") values (850, 17, 205.97, '2025-01-03', 48);
insert into "Sale" (id, quantity, "totalPrice", time, "vegetableId") values (851, 9, 696.36, '2024-06-26', 38);
insert into "Sale" (id, quantity, "totalPrice", time, "vegetableId") values (852, 2, 649.38, '2024-08-15', 2);
insert into "Sale" (id, quantity, "totalPrice", time, "vegetableId") values (853, 21, 177.85, '2024-09-05', 25);
insert into "Sale" (id, quantity, "totalPrice", time, "vegetableId") values (854, 34, 256.46, '2024-07-11', 36);
insert into "Sale" (id, quantity, "totalPrice", time, "vegetableId") values (855, 37, 656.45, '2024-12-19', 43);
insert into "Sale" (id, quantity, "totalPrice", time, "vegetableId") values (856, 39, 230.5, '2025-03-27', 52);
insert into "Sale" (id, quantity, "totalPrice", time, "vegetableId") values (857, 49, 431.72, '2024-11-13', 23);
insert into "Sale" (id, quantity, "totalPrice", time, "vegetableId") values (858, 7, 461.82, '2024-07-05', 9);
insert into "Sale" (id, quantity, "totalPrice", time, "vegetableId") values (859, 3, 913.1, '2025-03-12', 32);
insert into "Sale" (id, quantity, "totalPrice", time, "vegetableId") values (860, 14, 948.74, '2024-09-23', 28);
insert into "Sale" (id, quantity, "totalPrice", time, "vegetableId") values (861, 34, 760.73, '2024-06-21', 19);
insert into "Sale" (id, quantity, "totalPrice", time, "vegetableId") values (862, 4, 861.68, '2025-03-09', 52);
insert into "Sale" (id, quantity, "totalPrice", time, "vegetableId") values (863, 4, 331.12, '2024-08-07', 21);
insert into "Sale" (id, quantity, "totalPrice", time, "vegetableId") values (864, 38, 656.71, '2025-03-28', 3);
insert into "Sale" (id, quantity, "totalPrice", time, "vegetableId") values (865, 22, 722.91, '2025-03-21', 28);
insert into "Sale" (id, quantity, "totalPrice", time, "vegetableId") values (866, 33, 637.08, '2024-06-20', 35);
insert into "Sale" (id, quantity, "totalPrice", time, "vegetableId") values (867, 17, 779.27, '2024-09-24', 44);
insert into "Sale" (id, quantity, "totalPrice", time, "vegetableId") values (868, 24, 126.28, '2025-02-25', 19);
insert into "Sale" (id, quantity, "totalPrice", time, "vegetableId") values (869, 6, 331.42, '2024-07-17', 1);
insert into "Sale" (id, quantity, "totalPrice", time, "vegetableId") values (870, 39, 747.59, '2024-08-17', 15);
insert into "Sale" (id, quantity, "totalPrice", time, "vegetableId") values (871, 5, 400.81, '2024-11-06', 14);
insert into "Sale" (id, quantity, "totalPrice", time, "vegetableId") values (872, 40, 146.82, '2024-08-02', 23);
insert into "Sale" (id, quantity, "totalPrice", time, "vegetableId") values (873, 45, 674.8, '2024-11-10', 34);
insert into "Sale" (id, quantity, "totalPrice", time, "vegetableId") values (874, 7, 771.42, '2024-06-25', 22);
insert into "Sale" (id, quantity, "totalPrice", time, "vegetableId") values (875, 22, 903.64, '2025-01-29', 40);
insert into "Sale" (id, quantity, "totalPrice", time, "vegetableId") values (876, 6, 819.26, '2025-03-10', 15);
insert into "Sale" (id, quantity, "totalPrice", time, "vegetableId") values (877, 35, 246.29, '2024-09-30', 27);
insert into "Sale" (id, quantity, "totalPrice", time, "vegetableId") values (878, 34, 990.69, '2025-01-31', 26);
insert into "Sale" (id, quantity, "totalPrice", time, "vegetableId") values (879, 11, 989.38, '2024-11-10', 21);
insert into "Sale" (id, quantity, "totalPrice", time, "vegetableId") values (880, 33, 520.77, '2024-12-12', 50);
insert into "Sale" (id, quantity, "totalPrice", time, "vegetableId") values (881, 3, 963.83, '2024-10-06', 52);
insert into "Sale" (id, quantity, "totalPrice", time, "vegetableId") values (882, 28, 538.36, '2024-07-19', 31);
insert into "Sale" (id, quantity, "totalPrice", time, "vegetableId") values (883, 45, 223.96, '2025-01-29', 22);
insert into "Sale" (id, quantity, "totalPrice", time, "vegetableId") values (884, 21, 936.42, '2025-03-15', 53);
insert into "Sale" (id, quantity, "totalPrice", time, "vegetableId") values (885, 30, 495.64, '2025-01-27', 32);
insert into "Sale" (id, quantity, "totalPrice", time, "vegetableId") values (886, 22, 354.79, '2024-08-30', 32);
insert into "Sale" (id, quantity, "totalPrice", time, "vegetableId") values (887, 46, 594.36, '2025-02-11', 21);
insert into "Sale" (id, quantity, "totalPrice", time, "vegetableId") values (888, 39, 907.05, '2024-08-30', 41);
insert into "Sale" (id, quantity, "totalPrice", time, "vegetableId") values (889, 2, 763.88, '2024-12-28', 6);
insert into "Sale" (id, quantity, "totalPrice", time, "vegetableId") values (890, 38, 775.02, '2025-01-12', 33);
insert into "Sale" (id, quantity, "totalPrice", time, "vegetableId") values (891, 29, 995.2, '2024-09-15', 40);
insert into "Sale" (id, quantity, "totalPrice", time, "vegetableId") values (892, 31, 329.41, '2024-07-17', 23);
insert into "Sale" (id, quantity, "totalPrice", time, "vegetableId") values (893, 30, 421.87, '2024-07-08', 7);
insert into "Sale" (id, quantity, "totalPrice", time, "vegetableId") values (894, 6, 532.03, '2024-09-06', 23);
insert into "Sale" (id, quantity, "totalPrice", time, "vegetableId") values (895, 28, 983.29, '2025-02-28', 52);
insert into "Sale" (id, quantity, "totalPrice", time, "vegetableId") values (896, 11, 352.67, '2024-11-10', 26);
insert into "Sale" (id, quantity, "totalPrice", time, "vegetableId") values (897, 12, 634.43, '2024-09-12', 44);
insert into "Sale" (id, quantity, "totalPrice", time, "vegetableId") values (898, 16, 975.34, '2024-07-04', 4);
insert into "Sale" (id, quantity, "totalPrice", time, "vegetableId") values (899, 47, 516.86, '2024-07-19', 15);
insert into "Sale" (id, quantity, "totalPrice", time, "vegetableId") values (900, 11, 421.8, '2024-11-13', 59);
insert into "Sale" (id, quantity, "totalPrice", time, "vegetableId") values (901, 39, 181.75, '2024-08-05', 7);
insert into "Sale" (id, quantity, "totalPrice", time, "vegetableId") values (902, 2, 633.97, '2025-03-08', 1);
insert into "Sale" (id, quantity, "totalPrice", time, "vegetableId") values (903, 34, 194.74, '2024-08-15', 5);
insert into "Sale" (id, quantity, "totalPrice", time, "vegetableId") values (904, 25, 701.22, '2025-02-17', 5);
insert into "Sale" (id, quantity, "totalPrice", time, "vegetableId") values (905, 3, 688.96, '2024-07-31', 12);
insert into "Sale" (id, quantity, "totalPrice", time, "vegetableId") values (906, 35, 446.17, '2024-08-20', 53);
insert into "Sale" (id, quantity, "totalPrice", time, "vegetableId") values (907, 26, 211.23, '2024-08-06', 57);
insert into "Sale" (id, quantity, "totalPrice", time, "vegetableId") values (908, 23, 910.28, '2024-07-04', 37);
insert into "Sale" (id, quantity, "totalPrice", time, "vegetableId") values (909, 48, 171.16, '2025-03-02', 32);
insert into "Sale" (id, quantity, "totalPrice", time, "vegetableId") values (910, 8, 266.97, '2025-01-31', 9);
insert into "Sale" (id, quantity, "totalPrice", time, "vegetableId") values (911, 37, 276.39, '2025-03-28', 57);
insert into "Sale" (id, quantity, "totalPrice", time, "vegetableId") values (912, 18, 385.05, '2024-07-12', 13);
insert into "Sale" (id, quantity, "totalPrice", time, "vegetableId") values (913, 23, 331.1, '2025-03-28', 53);
insert into "Sale" (id, quantity, "totalPrice", time, "vegetableId") values (914, 14, 943.65, '2024-09-30', 6);
insert into "Sale" (id, quantity, "totalPrice", time, "vegetableId") values (915, 5, 117.2, '2024-12-02', 18);
insert into "Sale" (id, quantity, "totalPrice", time, "vegetableId") values (916, 11, 890.73, '2024-07-16', 44);
insert into "Sale" (id, quantity, "totalPrice", time, "vegetableId") values (917, 42, 883.95, '2024-12-22', 1);
insert into "Sale" (id, quantity, "totalPrice", time, "vegetableId") values (918, 41, 597.39, '2024-10-23', 2);
insert into "Sale" (id, quantity, "totalPrice", time, "vegetableId") values (919, 5, 266.22, '2024-07-31', 19);
insert into "Sale" (id, quantity, "totalPrice", time, "vegetableId") values (920, 44, 194.28, '2025-01-24', 40);
insert into "Sale" (id, quantity, "totalPrice", time, "vegetableId") values (921, 37, 211.96, '2024-08-19', 42);
insert into "Sale" (id, quantity, "totalPrice", time, "vegetableId") values (922, 1, 925.13, '2025-01-05', 59);
insert into "Sale" (id, quantity, "totalPrice", time, "vegetableId") values (923, 39, 403.0, '2024-12-14', 6);
insert into "Sale" (id, quantity, "totalPrice", time, "vegetableId") values (924, 40, 331.01, '2024-07-04', 23);
insert into "Sale" (id, quantity, "totalPrice", time, "vegetableId") values (925, 17, 198.62, '2025-02-05', 18);
insert into "Sale" (id, quantity, "totalPrice", time, "vegetableId") values (926, 43, 499.04, '2025-03-13', 6);
insert into "Sale" (id, quantity, "totalPrice", time, "vegetableId") values (927, 42, 626.82, '2025-04-11', 27);
insert into "Sale" (id, quantity, "totalPrice", time, "vegetableId") values (928, 14, 607.96, '2025-02-17', 43);
insert into "Sale" (id, quantity, "totalPrice", time, "vegetableId") values (929, 41, 701.58, '2025-01-08', 56);
insert into "Sale" (id, quantity, "totalPrice", time, "vegetableId") values (930, 24, 174.2, '2024-08-24', 24);
insert into "Sale" (id, quantity, "totalPrice", time, "vegetableId") values (931, 22, 651.34, '2025-01-01', 42);
insert into "Sale" (id, quantity, "totalPrice", time, "vegetableId") values (932, 40, 982.32, '2025-01-28', 56);
insert into "Sale" (id, quantity, "totalPrice", time, "vegetableId") values (933, 11, 359.22, '2025-03-09', 17);
insert into "Sale" (id, quantity, "totalPrice", time, "vegetableId") values (934, 13, 103.69, '2024-07-09', 54);
insert into "Sale" (id, quantity, "totalPrice", time, "vegetableId") values (935, 46, 854.22, '2024-10-15', 24);
insert into "Sale" (id, quantity, "totalPrice", time, "vegetableId") values (936, 35, 832.88, '2025-01-28', 51);
insert into "Sale" (id, quantity, "totalPrice", time, "vegetableId") values (937, 2, 679.11, '2025-03-16', 27);
insert into "Sale" (id, quantity, "totalPrice", time, "vegetableId") values (938, 7, 462.22, '2024-11-08', 50);
insert into "Sale" (id, quantity, "totalPrice", time, "vegetableId") values (939, 40, 789.81, '2024-11-07', 20);
insert into "Sale" (id, quantity, "totalPrice", time, "vegetableId") values (940, 22, 798.93, '2025-02-15', 58);
insert into "Sale" (id, quantity, "totalPrice", time, "vegetableId") values (941, 37, 521.84, '2024-07-16', 25);
insert into "Sale" (id, quantity, "totalPrice", time, "vegetableId") values (942, 47, 153.74, '2025-03-19', 36);
insert into "Sale" (id, quantity, "totalPrice", time, "vegetableId") values (943, 25, 181.36, '2024-09-24', 15);
insert into "Sale" (id, quantity, "totalPrice", time, "vegetableId") values (944, 31, 686.83, '2024-08-12', 6);
insert into "Sale" (id, quantity, "totalPrice", time, "vegetableId") values (945, 10, 960.04, '2025-01-12', 56);
insert into "Sale" (id, quantity, "totalPrice", time, "vegetableId") values (946, 50, 819.58, '2024-07-19', 57);
insert into "Sale" (id, quantity, "totalPrice", time, "vegetableId") values (947, 45, 528.75, '2024-12-06', 29);
insert into "Sale" (id, quantity, "totalPrice", time, "vegetableId") values (948, 9, 997.64, '2024-08-15', 26);
insert into "Sale" (id, quantity, "totalPrice", time, "vegetableId") values (949, 27, 178.33, '2024-12-26', 53);
insert into "Sale" (id, quantity, "totalPrice", time, "vegetableId") values (950, 8, 696.35, '2025-02-25', 60);
insert into "Sale" (id, quantity, "totalPrice", time, "vegetableId") values (951, 21, 479.62, '2024-06-28', 50);
insert into "Sale" (id, quantity, "totalPrice", time, "vegetableId") values (952, 29, 276.09, '2024-12-24', 16);
insert into "Sale" (id, quantity, "totalPrice", time, "vegetableId") values (953, 41, 859.91, '2025-03-28', 25);
insert into "Sale" (id, quantity, "totalPrice", time, "vegetableId") values (954, 6, 826.18, '2025-03-28', 43);
insert into "Sale" (id, quantity, "totalPrice", time, "vegetableId") values (955, 23, 707.77, '2024-08-10', 38);
insert into "Sale" (id, quantity, "totalPrice", time, "vegetableId") values (956, 35, 641.28, '2024-08-22', 26);
insert into "Sale" (id, quantity, "totalPrice", time, "vegetableId") values (957, 22, 178.62, '2025-01-19', 48);
insert into "Sale" (id, quantity, "totalPrice", time, "vegetableId") values (958, 35, 959.07, '2024-09-26', 56);
insert into "Sale" (id, quantity, "totalPrice", time, "vegetableId") values (959, 26, 299.91, '2025-03-15', 41);
insert into "Sale" (id, quantity, "totalPrice", time, "vegetableId") values (960, 44, 305.58, '2025-01-01', 49);
insert into "Sale" (id, quantity, "totalPrice", time, "vegetableId") values (961, 34, 216.09, '2024-07-17', 39);
insert into "Sale" (id, quantity, "totalPrice", time, "vegetableId") values (962, 46, 165.68, '2025-03-30', 43);
insert into "Sale" (id, quantity, "totalPrice", time, "vegetableId") values (963, 22, 903.45, '2025-01-26', 43);
insert into "Sale" (id, quantity, "totalPrice", time, "vegetableId") values (964, 45, 549.45, '2025-02-04', 31);
insert into "Sale" (id, quantity, "totalPrice", time, "vegetableId") values (965, 7, 712.47, '2024-07-18', 23);
insert into "Sale" (id, quantity, "totalPrice", time, "vegetableId") values (966, 26, 682.03, '2025-02-16', 36);
insert into "Sale" (id, quantity, "totalPrice", time, "vegetableId") values (967, 5, 845.85, '2024-11-27', 13);
insert into "Sale" (id, quantity, "totalPrice", time, "vegetableId") values (968, 10, 496.62, '2024-06-25', 23);
insert into "Sale" (id, quantity, "totalPrice", time, "vegetableId") values (969, 29, 806.62, '2024-06-23', 49);
insert into "Sale" (id, quantity, "totalPrice", time, "vegetableId") values (970, 1, 656.33, '2025-03-11', 8);
insert into "Sale" (id, quantity, "totalPrice", time, "vegetableId") values (971, 30, 686.82, '2025-01-01', 2);
insert into "Sale" (id, quantity, "totalPrice", time, "vegetableId") values (972, 5, 563.83, '2024-08-11', 23);
insert into "Sale" (id, quantity, "totalPrice", time, "vegetableId") values (973, 1, 922.52, '2024-11-28', 10);
insert into "Sale" (id, quantity, "totalPrice", time, "vegetableId") values (974, 49, 515.55, '2025-03-09', 7);
insert into "Sale" (id, quantity, "totalPrice", time, "vegetableId") values (975, 17, 457.15, '2024-09-25', 55);
insert into "Sale" (id, quantity, "totalPrice", time, "vegetableId") values (976, 22, 951.82, '2024-07-06', 7);
insert into "Sale" (id, quantity, "totalPrice", time, "vegetableId") values (977, 48, 513.25, '2025-04-23', 40);
insert into "Sale" (id, quantity, "totalPrice", time, "vegetableId") values (978, 38, 310.12, '2025-01-03', 41);
insert into "Sale" (id, quantity, "totalPrice", time, "vegetableId") values (979, 21, 565.54, '2024-09-18', 25);
insert into "Sale" (id, quantity, "totalPrice", time, "vegetableId") values (980, 48, 936.47, '2024-08-30', 39);
insert into "Sale" (id, quantity, "totalPrice", time, "vegetableId") values (981, 39, 179.67, '2024-07-08', 12);
insert into "Sale" (id, quantity, "totalPrice", time, "vegetableId") values (982, 1, 684.07, '2025-01-15', 20);
insert into "Sale" (id, quantity, "totalPrice", time, "vegetableId") values (983, 15, 752.41, '2025-01-07', 11);
insert into "Sale" (id, quantity, "totalPrice", time, "vegetableId") values (984, 14, 751.85, '2025-03-21', 5);
insert into "Sale" (id, quantity, "totalPrice", time, "vegetableId") values (985, 41, 225.0, '2024-12-31', 2);
insert into "Sale" (id, quantity, "totalPrice", time, "vegetableId") values (986, 30, 427.93, '2024-11-23', 31);
insert into "Sale" (id, quantity, "totalPrice", time, "vegetableId") values (987, 27, 832.4, '2024-09-14', 51);
insert into "Sale" (id, quantity, "totalPrice", time, "vegetableId") values (988, 3, 735.52, '2024-12-16', 18);
insert into "Sale" (id, quantity, "totalPrice", time, "vegetableId") values (989, 12, 795.13, '2024-12-22', 22);
insert into "Sale" (id, quantity, "totalPrice", time, "vegetableId") values (990, 47, 653.22, '2025-04-12', 57);
insert into "Sale" (id, quantity, "totalPrice", time, "vegetableId") values (991, 2, 366.39, '2025-03-05', 44);
insert into "Sale" (id, quantity, "totalPrice", time, "vegetableId") values (992, 16, 971.17, '2024-11-03', 52);
insert into "Sale" (id, quantity, "totalPrice", time, "vegetableId") values (993, 35, 636.97, '2024-07-21', 12);
insert into "Sale" (id, quantity, "totalPrice", time, "vegetableId") values (994, 7, 427.12, '2025-02-27', 20);
insert into "Sale" (id, quantity, "totalPrice", time, "vegetableId") values (995, 5, 547.41, '2024-08-24', 22);
insert into "Sale" (id, quantity, "totalPrice", time, "vegetableId") values (996, 50, 489.63, '2024-10-29', 40);
insert into "Sale" (id, quantity, "totalPrice", time, "vegetableId") values (997, 45, 181.01, '2024-10-18', 38);
insert into "Sale" (id, quantity, "totalPrice", time, "vegetableId") values (998, 3, 553.1, '2025-02-17', 22);
insert into "Sale" (id, quantity, "totalPrice", time, "vegetableId") values (999, 34, 228.9, '2025-02-08', 21);
insert into "Sale" (id, quantity, "totalPrice", time, "vegetableId") values (1000, 20, 873.42, '2025-03-21', 44);

ALTER SEQUENCE "User_id_seq" RESTART WITH 6;

ALTER SEQUENCE "Garden_id_seq" RESTART WITH 13;

ALTER SEQUENCE "Vegetable_id_seq" RESTART WITH 61;

ALTER SEQUENCE "Sale_id_seq" RESTART WITH 1001;
